timestamp,measured_real_energy,measured_power,measured_real_power,measured_demand,monthly_bill,price
2012-04-08 00:00:00 UTC,+0,+68-2.89992e-15d,+68,+68,+0,+30
2012-04-08 00:30:00 UTC,+34,+51+3.74183e-15d,+51,+68,+1.02,+0.0651396
2012-04-08 01:00:00 UTC,+59.5,+73-6.27397e-15d,+73,+73,+1.02166,+0.0651396
2012-04-08 01:30:00 UTC,+96,+54-1.29578e-15d,+54,+73,+1.02404,+0.0632799
2012-04-08 02:00:00 UTC,+123,+52+5.50481e-15d,+52,+73,+1.02575,+0.0632799
2012-04-08 02:30:00 UTC,+149,+70-4.45278e-15d,+70,+73,+1.02739,+0.0479266
2012-04-08 03:00:00 UTC,+184,+47+3.11288e-15d,+47,+73,+1.02907,+0.0479266
2012-04-08 03:30:00 UTC,+207.5,+59-2.58757e-15d,+59,+73,+1.0302,+0.0549807
2012-04-08 04:00:00 UTC,+237,+68+7.48366e-16d,+68,+73,+1.03182,+0.0549807
2012-04-08 04:30:00 UTC,+271,+51-9.97821e-16d,+51,+73,+1.03369,+0.0541449
2012-04-08 05:00:00 UTC,+296.5,+68-4.95792e-15d,+68,+73,+1.03507,+0.0541449
2012-04-08 05:30:00 UTC,+330.5,+59+6.46892e-16d,+59,+73,+1.03691,+0.0526922
2012-04-08 06:00:00 UTC,+360,+86+2.81072e-15d,+86,+86,+1.03846,+0.0526922
2012-04-08 06:30:00 UTC,+403,+112-1.13591e-16d,+112,+112,+1.04073,+0.0256759
2012-04-08 07:00:00 UTC,+459,+95+2.67836e-15d,+95,+112,+1.04217,+0.0256759
2012-04-08 07:30:00 UTC,+506.5,+207-3.6876e-15d,+207,+207,+1.04339,+0.0487565
2012-04-08 08:00:00 UTC,+610,+132-3.27694e-15d,+132,+207,+1.04843,+0.0487565
2012-04-08 08:30:00 UTC,+676,+122+5.52687e-15d,+122,+207,+1.05165,+0.0607318
2012-04-08 09:00:00 UTC,+737,+120-1.37824e-15d,+120,+207,+1.05536,+0.0607318
2012-04-08 09:30:00 UTC,+797,+174-4.38697e-15d,+174,+207,+1.059,+0.0674444
2012-04-08 10:00:00 UTC,+884,+75-4.49518e-15d,+75,+207,+1.06487,+0.0674444
2012-04-08 10:30:00 UTC,+921.5,+89-6.14669e-15d,+89,+207,+1.0674,+0.0771391
2012-04-08 11:00:00 UTC,+966,+69+5.5314e-15d,+69,+207,+1.07083,+0.0771391
2012-04-08 11:30:00 UTC,+1000.5,+73-6.18683e-15d,+73,+207,+1.07349,+0.115129
2012-04-08 12:00:00 UTC,+1037,+62+3.69355e-15d,+62,+207,+1.07769,+0.115129
2012-04-08 12:30:00 UTC,+1068,+60+6.14907e-15d,+60,+207,+1.08126,+0.314472
2012-04-08 13:00:00 UTC,+1098,+66+2.69865e-15d,+66,+207,+1.0907,+0.314472
2012-04-08 13:30:00 UTC,+1131,+75-3.39259e-15d,+75,+207,+1.10107,+0.103281
2012-04-08 14:00:00 UTC,+1168.5,+68+4.86438e-15d,+68,+207,+1.10495,+0.103281
2012-04-08 14:30:00 UTC,+1202.5,+53+3.36059e-15d,+53,+207,+1.10846,+0.107517
2012-04-08 15:00:00 UTC,+1229,+76+2.51096e-16d,+76,+207,+1.11131,+0.107517
2012-04-08 15:30:00 UTC,+1267,+67+3.32297e-15d,+67,+207,+1.11539,+0.0909781
2012-04-08 16:00:00 UTC,+1300.5,+53+3.60063e-16d,+53,+207,+1.11844,+0.0909781
2012-04-08 16:30:00 UTC,+1327,+91-1.39805e-16d,+91,+207,+1.12085,+0.0994651
2012-04-08 17:00:00 UTC,+1372.5,+62-3.07796e-15d,+62,+207,+1.12538,+0.0994651
2012-04-08 17:30:00 UTC,+1403.5,+64-2.98177e-15d,+64,+207,+1.12846,+0.163446
2012-04-08 18:00:00 UTC,+1435.5,+98+5.19274e-16d,+98,+207,+1.13369,+0.163446
2012-04-08 18:30:00 UTC,+1484.5,+73+2.87557e-15d,+73,+207,+1.1417,+0.18878
2012-04-08 19:00:00 UTC,+1521,+83-5.67135e-15d,+83,+207,+1.14859,+0.18878
2012-04-08 19:30:00 UTC,+1562.5,+82-9.30894e-16d,+82,+207,+1.15642,+0.122554
2012-04-08 20:00:00 UTC,+1603.5,+72+3.88734e-15d,+72,+207,+1.16145,+0.122554
2012-04-08 20:30:00 UTC,+1639.5,+84-3.48346e-15d,+84,+207,+1.16586,+0.281735
2012-04-08 21:00:00 UTC,+1681.5,+83+3.06559e-15d,+83,+207,+1.17769,+0.281735
2012-04-08 21:30:00 UTC,+1723,+69-5.25483e-15d,+69,+207,+1.18939,+0.240559
2012-04-08 22:00:00 UTC,+1757.5,+63-3.33201e-15d,+63,+207,+1.19769,+0.240559
2012-04-08 22:30:00 UTC,+1789,+138-3.04227e-15d,+138,+207,+1.20526,+0.0828338
2012-04-08 23:00:00 UTC,+1858,+148+5.75938e-15d,+148,+207,+1.21098,+0.0828338
2012-04-08 23:30:00 UTC,+1932,+79+3.86498e-15d,+79,+207,+1.21711,+0.0810057
2012-04-09 00:00:00 UTC,+1971.5,+64-1.49089e-15d,+64,+207,+1.22031,+0.0810057
2012-04-09 00:30:00 UTC,+2003.5,+61+1.45993e-15d,+61,+207,+1.2229,+0.0623406
2012-04-09 01:00:00 UTC,+2034,+53-4.80084e-15d,+53,+207,+1.2248,+0.0623406
2012-04-09 01:30:00 UTC,+2060.5,+71+5.64436e-15d,+71,+207,+1.22645,+0.0583953
2012-04-09 02:00:00 UTC,+2096,+55+2.19747e-15d,+55,+207,+1.22853,+0.0583953
2012-04-09 02:30:00 UTC,+2123.5,+50-6.23389e-15d,+50,+207,+1.23013,+0.0561628
2012-04-09 03:00:00 UTC,+2148.5,+71+5.1964e-15d,+71,+207,+1.23154,+0.0561628
2012-04-09 03:30:00 UTC,+2184,+50-5.59778e-15d,+50,+207,+1.23353,+0.0533591
2012-04-09 04:00:00 UTC,+2209,+56+1.47669e-15d,+56,+207,+1.23486,+0.0533591
2012-04-09 04:30:00 UTC,+2237,+67-1.61401e-15d,+67,+207,+1.23636,+0.0559435
2012-04-09 05:00:00 UTC,+2270.5,+51-5.8622e-15d,+51,+207,+1.23823,+0.0559435
2012-04-09 05:30:00 UTC,+2296,+69+5.07045e-15d,+69,+207,+1.23966,+0.0666255
2012-04-09 06:00:00 UTC,+2330.5,+201+2.02543e-15d,+201,+207,+1.24196,+0.0666255
2012-04-09 06:30:00 UTC,+2431,+95+6.02631e-15d,+95,+207,+1.24865,+0.0715496
2012-04-09 07:00:00 UTC,+2478.5,+109+4.78542e-15d,+109,+207,+1.25205,+0.0715496
2012-04-09 07:30:00 UTC,+2533,+91-5.59218e-16d,+91,+207,+1.25595,+0.0638158
2012-04-09 08:00:00 UTC,+2578.5,+100-1.39944e-15d,+100,+207,+1.25885,+0.0638158
2012-04-09 08:30:00 UTC,+2628.5,+178-2.14419e-15d,+178,+207,+1.26205,+0.0814734
2012-04-09 09:00:00 UTC,+2717.5,+134+4.36733e-15d,+134,+207,+1.2693,+0.0814734
2012-04-09 09:30:00 UTC,+2784.5,+244-1.56421e-15d,+244,+244,+1.27476,+0.0935965
2012-04-09 10:00:00 UTC,+2906.5,+121-5.4674e-15d,+121,+244,+1.28617,+0.0935965
2012-04-09 10:30:00 UTC,+2967,+118-3.55791e-15d,+118,+244,+1.29184,+0.206686
2012-04-09 11:00:00 UTC,+3026,+164-6.05081e-15d,+164,+244,+1.30403,+0.206686
2012-04-09 11:30:00 UTC,+3108,+66-6.07197e-15d,+66,+244,+1.32098,+0.189668
2012-04-09 12:00:00 UTC,+3141,+206-5.06418e-15d,+206,+244,+1.32724,+0.189668
2012-04-09 12:30:00 UTC,+3244,+158+5.23382e-15d,+158,+244,+1.34677,+0.113224
2012-04-09 13:00:00 UTC,+3323,+134+3.89262e-15d,+134,+244,+1.35572,+0.113224
2012-04-09 13:30:00 UTC,+3390,+72+2.03202e-15d,+72,+244,+1.36331,+0.132286
2012-04-09 14:00:00 UTC,+3426,+72+5.56597e-15d,+72,+244,+1.36807,+0.132286
2012-04-09 14:30:00 UTC,+3462,+74-3.18055e-15d,+74,+244,+1.37283,+0.114641
2012-04-09 15:00:00 UTC,+3499,+58-5.48371e-15d,+58,+244,+1.37707,+0.114641
2012-04-09 15:30:00 UTC,+3528,+110-5.08889e-15d,+110,+244,+1.3804,+0.112132
2012-04-09 16:00:00 UTC,+3583,+81-1.88477e-15d,+81,+244,+1.38656,+0.112132
2012-04-09 16:30:00 UTC,+3623.5,+108+6.24331e-15d,+108,+244,+1.3911,+0.139998
2012-04-09 17:00:00 UTC,+3677.5,+190-8.03509e-16d,+190,+244,+1.39866,+0.139998
2012-04-09 17:30:00 UTC,+3772.5,+797+6.51275e-15d,+797,+797,+1.41196,+0.122701
2012-04-09 18:00:00 UTC,+4171,+283-4.40557e-15d,+283,+797,+1.46086,+0.122701
2012-04-09 18:30:00 UTC,+4312.5,+215-4.26046e-15d,+215,+797,+1.47822,+0.115321
2012-04-09 19:00:00 UTC,+4420,+307+5.55302e-15d,+307,+797,+1.49062,+0.115321
2012-04-09 19:30:00 UTC,+4573.5,+269+2.83767e-16d,+269,+797,+1.50832,+0.109032
2012-04-09 20:00:00 UTC,+4708,+234-5.76306e-15d,+234,+797,+1.52299,+0.109032
2012-04-09 20:30:00 UTC,+4825,+230-2.32319e-15d,+230,+797,+1.53574,+0.221414
2012-04-09 21:00:00 UTC,+4940,+197-3.35815e-15d,+197,+797,+1.56121,+0.221414
2012-04-09 21:30:00 UTC,+5038.5,+223-4.79223e-15d,+223,+797,+1.58302,+0.135952
2012-04-09 22:00:00 UTC,+5150,+114-4.79873e-15d,+114,+797,+1.59817,+0.135952
2012-04-09 22:30:00 UTC,+5207,+52+4.15919e-15d,+52,+797,+1.60592,+0.0919191
2012-04-09 23:00:00 UTC,+5233,+69-4.51731e-15d,+69,+797,+1.60831,+0.0919191
2012-04-09 23:30:00 UTC,+5267.5,+52-6.23878e-15d,+52,+797,+1.61148,+0.111772
2012-04-10 00:00:00 UTC,+5293.5,+72-1.06018e-15d,+72,+797,+1.61439,+0.111772
2012-04-10 00:30:00 UTC,+5329.5,+53+6.00105e-15d,+53,+797,+1.61841,+0.0716653
2012-04-10 01:00:00 UTC,+5356,+61-5.42259e-15d,+61,+797,+1.62031,+0.0716653
2012-04-10 01:30:00 UTC,+5386.5,+68+4.95792e-15d,+68,+797,+1.6225,+0.0779594
2012-04-10 02:00:00 UTC,+5420.5,+56-1.36309e-15d,+56,+797,+1.62515,+0.0779594
2012-04-10 02:30:00 UTC,+5448.5,+73+4.96689e-15d,+73,+797,+1.62733,+0.0635732
2012-04-10 03:00:00 UTC,+5485,+54+5.65432e-15d,+54,+797,+1.62965,+0.0635732
2012-04-10 03:30:00 UTC,+5512,+62-4.20654e-15d,+62,+797,+1.63137,+0.0594776
2012-04-10 04:00:00 UTC,+5543,+63+3.73589e-15d,+63,+797,+1.63321,+0.0594776
2012-04-10 04:30:00 UTC,+5574.5,+52+3.18055e-15d,+52,+797,+1.63509,+0.0600062
2012-04-10 05:00:00 UTC,+5600.5,+67+1.89884e-16d,+67,+797,+1.63665,+0.0600062
2012-04-10 05:30:00 UTC,+5634,+238+5.98693e-15d,+238,+797,+1.63866,+0.0654961
2012-04-10 06:00:00 UTC,+5753,+237+2.89873e-15d,+237,+797,+1.64645,+0.0654961
2012-04-10 06:30:00 UTC,+5871.5,+217+4.80747e-15d,+217,+797,+1.65421,+0.0761057
2012-04-10 07:00:00 UTC,+5980,+145-5.96628e-15d,+145,+797,+1.66247,+0.0761057
2012-04-10 07:30:00 UTC,+6052.5,+671+6.06723e-16d,+671,+797,+1.66799,+0.0817469
2012-04-10 08:00:00 UTC,+6388,+365+1.25479e-15d,+365,+797,+1.69541,+0.0817469
2012-04-10 08:30:00 UTC,+6570.5,+131-6.31255e-15d,+131,+797,+1.71033,+0.079081
2012-04-10 09:00:00 UTC,+6636,+79-3.38186e-15d,+79,+797,+1.71551,+0.079081
2012-04-10 09:30:00 UTC,+6675.5,+224-4.88442e-15d,+224,+797,+1.71864,+0.0770273
2012-04-10 10:00:00 UTC,+6787.5,+94+5.41371e-15d,+94,+797,+1.72726,+0.0770273
2012-04-10 10:30:00 UTC,+6834.5,+83+7.66399e-16d,+83,+797,+1.73088,+0.0997805
2012-04-10 11:00:00 UTC,+6876,+91-3.49512e-15d,+91,+797,+1.73502,+0.0997805
2012-04-10 11:30:00 UTC,+6921.5,+55-1.15657e-16d,+55,+797,+1.73956,+0.104562
2012-04-10 12:00:00 UTC,+6949,+60+5.51296e-15d,+60,+797,+1.74244,+0.104562
2012-04-10 12:30:00 UTC,+6979,+84+1.36309e-15d,+84,+797,+1.74558,+0.110625
2012-04-10 13:00:00 UTC,+7021,+50-5.97944e-15d,+50,+797,+1.75022,+0.110625
2012-04-10 13:30:00 UTC,+7046,+66-2.02399e-15d,+66,+797,+1.75299,+0.130791
2012-04-10 14:00:00 UTC,+7079,+57+2.23197e-15d,+57,+797,+1.7573,+0.130791
2012-04-10 14:30:00 UTC,+7107.5,+163+3.12202e-15d,+163,+797,+1.76103,+0.137537
2012-04-10 15:00:00 UTC,+7189,+135-1.88477e-15d,+135,+797,+1.77224,+0.137537
2012-04-10 15:30:00 UTC,+7256.5,+125+5.08889e-15d,+125,+797,+1.78152,+0.137731
2012-04-10 16:00:00 UTC,+7319,+118+5.39077e-15d,+118,+797,+1.79013,+0.137731
2012-04-10 16:30:00 UTC,+7378,+251+2.02745e-16d,+251,+797,+1.79826,+0.150004
2012-04-10 17:00:00 UTC,+7503.5,+169+2.71006e-15d,+169,+797,+1.81708,+0.150004
2012-04-10 17:30:00 UTC,+7588,+217+3.40041e-15d,+217,+797,+1.82976,+0.159394
2012-04-10 18:00:00 UTC,+7696.5,+185-5.5015e-15d,+185,+797,+1.84705,+0.159394
2012-04-10 18:30:00 UTC,+7789,+162+5.34019e-15d,+162,+797,+1.8618,+0.152365
2012-04-10 19:00:00 UTC,+7870,+205-5.95772e-15d,+205,+797,+1.87414,+0.152365
2012-04-10 19:30:00 UTC,+7972.5,+289-4.84237e-15d,+289,+797,+1.88976,+0.152218
2012-04-10 20:00:00 UTC,+8117,+220+9.25252e-16d,+220,+797,+1.91175,+0.152218
2012-04-10 20:30:00 UTC,+8227,+213-2.26969e-15d,+213,+797,+1.9285,+0.218012
2012-04-10 21:00:00 UTC,+8333.5,+230-3.31884e-15d,+230,+797,+1.95172,+0.218012
2012-04-10 21:30:00 UTC,+8448.5,+183+3.33698e-15d,+183,+797,+1.97679,+0.214524
2012-04-10 22:00:00 UTC,+8540,+126+6.0582e-16d,+126,+797,+1.99642,+0.214524
2012-04-10 22:30:00 UTC,+8603,+54-1.53138e-15d,+54,+797,+2.00993,+0.101954
2012-04-10 23:00:00 UTC,+8630,+58-4.82567e-15d,+58,+797,+2.01268,+0.101954
2012-04-10 23:30:00 UTC,+8659,+63-6.15917e-15d,+63,+797,+2.01564,+0.0864792
2012-04-11 00:00:00 UTC,+8690.5,+49+3.11565e-15d,+49,+797,+2.01836,+0.0864792
2012-04-11 00:30:00 UTC,+8715,+98-4.67347e-15d,+98,+797,+2.02048,+0.0918275
2012-04-11 01:00:00 UTC,+8764,+91+4.47375e-15d,+91,+797,+2.02498,+0.0918275
2012-04-11 01:30:00 UTC,+8809.5,+84+1.36309e-15d,+84,+797,+2.02916,+0.105886
2012-04-11 02:00:00 UTC,+8851.5,+63+1.0097e-15d,+63,+797,+2.03361,+0.105886
2012-04-11 02:30:00 UTC,+8883,+54-1.41358e-15d,+54,+797,+2.03694,+0.0788096
2012-04-11 03:00:00 UTC,+8910,+72-1.76697e-15d,+72,+797,+2.03907,+0.0788096
2012-04-11 03:30:00 UTC,+8946,+52+4.89316e-16d,+52,+797,+2.04191,+0.0775286
2012-04-11 04:00:00 UTC,+8972,+50+6.10666e-15d,+50,+797,+2.04392,+0.0775286
2012-04-11 04:30:00 UTC,+8997,+65+6.26325e-15d,+65,+797,+2.04586,+0.0732506
2012-04-11 05:00:00 UTC,+9029.5,+54+4.71193e-15d,+54,+797,+2.04824,+0.0732506
2012-04-11 05:30:00 UTC,+9056.5,+64+4.47266e-15d,+64,+797,+2.05022,+0.081087
2012-04-11 06:00:00 UTC,+9088.5,+92+5.5314e-16d,+92,+797,+2.05282,+0.081087
2012-04-11 06:30:00 UTC,+9134.5,+183+4.03218e-15d,+183,+797,+2.05655,+0.0940476
2012-04-11 07:00:00 UTC,+9226,+109+3.73496e-15d,+109,+797,+2.06515,+0.0940476
2012-04-11 07:30:00 UTC,+9280.5,+86-5.76938e-15d,+86,+797,+2.07028,+0.0882587
2012-04-11 08:00:00 UTC,+9323.5,+89-3.7166e-15d,+89,+797,+2.07407,+0.0882587
2012-04-11 08:30:00 UTC,+9368,+358+3.83799e-15d,+358,+797,+2.078,+0.0920742
2012-04-11 09:00:00 UTC,+9547,+172+5.91731e-15d,+172,+797,+2.09448,+0.0920742
2012-04-11 09:30:00 UTC,+9633,+613-9.13177e-16d,+613,+797,+2.1024,+0.0859724
2012-04-11 10:00:00 UTC,+9939.5,+131+0d,+131,+797,+2.12875,+0.0859724
2012-04-11 10:30:00 UTC,+10005,+126+3.33201e-15d,+126,+797,+2.13438,+0.113716
2012-04-11 11:00:00 UTC,+10068,+173-2.6474e-15d,+173,+797,+2.14154,+0.113716
2012-04-11 11:30:00 UTC,+10154.5,+112+3.40774e-15d,+112,+797,+2.15138,+0.106493
2012-04-11 12:00:00 UTC,+10210.5,+436+5.71916e-15d,+436,+797,+2.15734,+0.106493
2012-04-11 12:30:00 UTC,+10428.5,+166-4.13855e-15d,+166,+797,+2.18056,+0.188556
2012-04-11 13:00:00 UTC,+10511.5,+240-4.66481e-15d,+240,+797,+2.19621,+0.188556
2012-04-11 13:30:00 UTC,+10631.5,+79-5.79747e-15d,+79,+797,+2.21884,+0.235026
2012-04-11 14:00:00 UTC,+10671,+110+4.5106e-15d,+110,+797,+2.22812,+0.235026
2012-04-11 14:30:00 UTC,+10726,+50-4.70722e-15d,+50,+797,+2.24105,+0.123131
2012-04-11 15:00:00 UTC,+10751,+92+8.2971e-16d,+92,+797,+2.24413,+0.123131
2012-04-11 15:30:00 UTC,+10797,+109+2.10092e-15d,+109,+797,+2.24979,+0.143423
2012-04-11 16:00:00 UTC,+10851.5,+84+5.75529e-15d,+84,+797,+2.25761,+0.143423
2012-04-11 16:30:00 UTC,+10893.5,+204+3.24292e-15d,+204,+797,+2.26363,+0.084226
2012-04-11 17:00:00 UTC,+10995.5,+88-2.60227e-15d,+88,+797,+2.27222,+0.084226
2012-04-11 17:30:00 UTC,+11039.5,+1087+2.80895e-15d,+1087,+1087,+2.27593,+0.128625
2012-04-11 18:00:00 UTC,+11583,+491-7.25503e-16d,+491,+1087,+2.34583,+0.128625
2012-04-11 18:30:00 UTC,+11828.5,+347+2.93308e-16d,+347,+1087,+2.37741,+0.131868
2012-04-11 19:00:00 UTC,+12002,+219-1.39422e-15d,+219,+1087,+2.40029,+0.131868
2012-04-11 19:30:00 UTC,+12111.5,+214+3.56698e-16d,+214,+1087,+2.41473,+0.113837
2012-04-11 20:00:00 UTC,+12218.5,+223+5.70503e-15d,+223,+1087,+2.42691,+0.113837
2012-04-11 20:30:00 UTC,+12330,+301+3.38132e-16d,+301,+1087,+2.4396,+0.111143
2012-04-11 21:00:00 UTC,+12480.5,+236-2.69539e-15d,+236,+1087,+2.45633,+0.111143
2012-04-11 21:30:00 UTC,+12598.5,+250-2.03555e-16d,+250,+1087,+2.46945,+0.130336
2012-04-11 22:00:00 UTC,+12723.5,+160+3.65764e-15d,+160,+1087,+2.48574,+0.130336
2012-04-11 22:30:00 UTC,+12803.5,+146-5.05403e-15d,+146,+1087,+2.49616,+0.100368
2012-04-11 23:00:00 UTC,+12876.5,+56+1.13591e-15d,+56,+1087,+2.50349,+0.100368
2012-04-11 23:30:00 UTC,+12904.5,+70-1.54484e-15d,+70,+1087,+2.5063,+0.0661328
2012-04-12 00:00:00 UTC,+12939.5,+58-5.26437e-15d,+58,+1087,+2.50862,+0.0661328
2012-04-12 00:30:00 UTC,+12968.5,+55+3.35404e-15d,+55,+1087,+2.51053,+0.0730108
2012-04-12 01:00:00 UTC,+12996,+66-3.37332e-15d,+66,+1087,+2.51254,+0.0730108
2012-04-12 01:30:00 UTC,+13029,+51+4.49019e-15d,+51,+1087,+2.51495,+0.0586008
2012-04-12 02:00:00 UTC,+13054.5,+63+6.0582e-16d,+63,+1087,+2.51645,+0.0586008
2012-04-12 02:30:00 UTC,+13086,+66-4.62626e-15d,+66,+1087,+2.51829,+0.0568041
2012-04-12 03:00:00 UTC,+13119,+56-1.47669e-15d,+56,+1087,+2.52017,+0.0568041
2012-04-12 03:30:00 UTC,+13147,+73-4.79262e-15d,+73,+1087,+2.52176,+0.0565946
2012-04-12 04:00:00 UTC,+13183.5,+55-6.1298e-15d,+55,+1087,+2.52382,+0.0565946
2012-04-12 04:30:00 UTC,+13211,+43-5.91731e-16d,+43,+1087,+2.52538,+0.0586548
2012-04-12 05:00:00 UTC,+13232.5,+70-2.3627e-15d,+70,+1087,+2.52664,+0.0586548
2012-04-12 05:30:00 UTC,+13267.5,+55+3.81667e-15d,+55,+1087,+2.52869,+0.0658171
2012-04-12 06:00:00 UTC,+13295,+88-5.78283e-15d,+88,+1087,+2.5305,+0.0658171
2012-04-12 06:30:00 UTC,+13339,+110-2.77576e-15d,+110,+1087,+2.5334,+0.0731044
2012-04-12 07:00:00 UTC,+13394,+180+1.97901e-15d,+180,+1087,+2.53742,+0.0731044
2012-04-12 07:30:00 UTC,+13484,+234-3.15337e-15d,+234,+1087,+2.544,+0.0762139
2012-04-12 08:00:00 UTC,+13601,+106-6.00105e-15d,+106,+1087,+2.55292,+0.0762139
2012-04-12 08:30:00 UTC,+13654,+143+6.31663e-15d,+143,+1087,+2.55695,+0.086292
2012-04-12 09:00:00 UTC,+13725.5,+602+1.60613e-15d,+602,+1087,+2.56312,+0.086292
2012-04-12 09:30:00 UTC,+14026.5,+465-2.8454e-15d,+465,+1087,+2.5891,+0.0891249
2012-04-12 10:00:00 UTC,+14259,+211-4.703e-15d,+211,+1087,+2.60982,+0.0891249
2012-04-12 10:30:00 UTC,+14364.5,+78+3.34366e-15d,+78,+1087,+2.61922,+0.107976
2012-04-12 11:00:00 UTC,+14403.5,+160-3.4191e-15d,+160,+1087,+2.62343,+0.107976
2012-04-12 11:30:00 UTC,+14483.5,+88+4.04798e-15d,+88,+1087,+2.63207,+0.109824
2012-04-12 12:00:00 UTC,+14527.5,+65-6.06752e-15d,+65,+1087,+2.6369,+0.109824
2012-04-12 12:30:00 UTC,+14560,+102-3.74183e-15d,+102,+1087,+2.64047,+0.10197
2012-04-12 13:00:00 UTC,+14611,+180-1.41358e-16d,+180,+1087,+2.64567,+0.10197
2012-04-12 13:30:00 UTC,+14701,+99-2.57015e-15d,+99,+1087,+2.65485,+0.224918
2012-04-12 14:00:00 UTC,+14750.5,+82+2.17209e-15d,+82,+1087,+2.66598,+0.224918
2012-04-12 14:30:00 UTC,+14791.5,+80+4.85035e-15d,+80,+1087,+2.67521,+0.201628
2012-04-12 15:00:00 UTC,+14831.5,+48-5.43345e-15d,+48,+1087,+2.68327,+0.201628
2012-04-12 15:30:00 UTC,+14855.5,+51-5.8622e-15d,+51,+1087,+2.68811,+0.119348
2012-04-12 16:00:00 UTC,+14881,+79+4.42862e-15d,+79,+1087,+2.69115,+0.119348
2012-04-12 16:30:00 UTC,+14920.5,+69-1.93599e-15d,+69,+1087,+2.69587,+0.106557
2012-04-12 17:00:00 UTC,+14955,+102-6.23638e-15d,+102,+1087,+2.69954,+0.106557
2012-04-12 17:30:00 UTC,+15006,+101+2.26733e-15d,+101,+1087,+2.70498,+0.124341
2012-04-12 18:00:00 UTC,+15056.5,+970+4.0921e-15d,+970,+1087,+2.71126,+0.124341
2012-04-12 18:30:00 UTC,+15541.5,+1016+3.6063e-15d,+1016,+1087,+2.77156,+0.106472
2012-04-12 19:00:00 UTC,+16049.5,+309-1.97627e-15d,+309,+1087,+2.82565,+0.106472
2012-04-12 19:30:00 UTC,+16204,+174+4.09451e-15d,+174,+1087,+2.8421,+0.105961
2012-04-12 20:00:00 UTC,+16291,+177-1.72505e-15d,+177,+1087,+2.85132,+0.105961
2012-04-12 20:30:00 UTC,+16379.5,+233+4.91416e-15d,+233,+1087,+2.8607,+0.0929066
2012-04-12 21:00:00 UTC,+16496,+177+6.32517e-15d,+177,+1087,+2.87152,+0.0929066
2012-04-12 21:30:00 UTC,+16584.5,+164+6.05081e-15d,+164,+1087,+2.87974,+0.0858488
2012-04-12 22:00:00 UTC,+16666.5,+78+1.79416e-15d,+78,+1087,+2.88678,+0.0858488
2012-04-12 22:30:00 UTC,+16705.5,+63+1.0097e-15d,+63,+1087,+2.89013,+0.0735797
2012-04-12 23:00:00 UTC,+16737,+67-1.8039e-15d,+67,+1087,+2.89245,+0.0735797
2012-04-12 23:30:00 UTC,+16770.5,+46-4.01026e-15d,+46,+1087,+2.89491,+0.0615035
2012-04-13 00:00:00 UTC,+16793.5,+67+2.37355e-15d,+67,+1087,+2.89633,+0.0615035
2012-04-13 00:30:00 UTC,+16827,+60-4.98287e-15d,+60,+1087,+2.89839,+0.0626371
2012-04-13 01:00:00 UTC,+16857,+58-3.3999e-15d,+58,+1087,+2.90027,+0.0626371
2012-04-13 01:30:00 UTC,+16886,+70-5.45238e-15d,+70,+1087,+2.90208,+0.061837
2012-04-13 02:00:00 UTC,+16921,+49+2.85601e-15d,+49,+1087,+2.90425,+0.061837
2012-04-13 02:30:00 UTC,+16945.5,+78-2.28348e-15d,+78,+1087,+2.90576,+0.0601934
2012-04-13 03:00:00 UTC,+16984.5,+47-6.76714e-16d,+47,+1087,+2.90811,+0.0601934
2012-04-13 03:30:00 UTC,+17008,+48+9.27662e-16d,+48,+1087,+2.90953,+0.0617924
2012-04-13 04:00:00 UTC,+17032,+75-5.59778e-15d,+75,+1087,+2.91101,+0.0617924
2012-04-13 04:30:00 UTC,+17069.5,+54+3.41615e-15d,+54,+1087,+2.91333,+0.0603003
2012-04-13 05:00:00 UTC,+17096.5,+56+3.40774e-15d,+56,+1087,+2.91495,+0.0603003
2012-04-13 05:30:00 UTC,+17124.5,+60-4.77083e-15d,+60,+1087,+2.91664,+0.06177
2012-04-13 06:00:00 UTC,+17154.5,+161-4.10904e-15d,+161,+1087,+2.9185,+0.06177
2012-04-13 06:30:00 UTC,+17235,+123-5.17163e-15d,+123,+1087,+2.92347,+0.062793
2012-04-13 07:00:00 UTC,+17296.5,+88+1.44571e-16d,+88,+1087,+2.92733,+0.062793
2012-04-13 07:30:00 UTC,+17340.5,+92+2.21256e-15d,+92,+1087,+2.93009,+0.0648132
2012-04-13 08:00:00 UTC,+17386.5,+139+2.92886e-15d,+139,+1087,+2.93307,+0.0648132
2012-04-13 08:30:00 UTC,+17456,+378-4.84656e-15d,+378,+1087,+2.93758,+0.0653475
2012-04-13 09:00:00 UTC,+17645,+225-1.01778e-15d,+225,+1087,+2.94993,+0.0653475
2012-04-13 09:30:00 UTC,+17757.5,+101+6.42409e-15d,+101,+1087,+2.95728,+0.0693347
2012-04-13 10:00:00 UTC,+17808,+83+1.37952e-15d,+83,+1087,+2.96078,+0.0693347
2012-04-13 10:30:00 UTC,+17849.5,+92-5.5314e-15d,+92,+1087,+2.96366,+0.0828595
2012-04-13 11:00:00 UTC,+17895.5,+81-1.88477e-15d,+81,+1087,+2.96747,+0.0828595
2012-04-13 11:30:00 UTC,+17936,+101-4.40869e-15d,+101,+1087,+2.97083,+0.0891789
2012-04-13 12:00:00 UTC,+17986.5,+120-1.6963e-15d,+120,+1087,+2.97533,+0.0891789
2012-04-13 12:30:00 UTC,+18046.5,+139+2.65428e-15d,+139,+1087,+2.98068,+0.102359
2012-04-13 13:00:00 UTC,+18116,+212-4.44077e-15d,+212,+1087,+2.98779,+0.102359
2012-04-13 13:30:00 UTC,+18222,+111-6.87687e-16d,+111,+1087,+2.99864,+0.088353
2012-04-13 14:00:00 UTC,+18277.5,+61+3.02413e-15d,+61,+1087,+3.00355,+0.088353
2012-04-13 14:30:00 UTC,+18308,+80+4.69132e-15d,+80,+1087,+3.00624,+0.0885967
2012-04-13 15:00:00 UTC,+18348,+108-3.53395e-16d,+108,+1087,+3.00979,+0.0885967
2012-04-13 15:30:00 UTC,+18402,+157-8.10332e-16d,+157,+1087,+3.01457,+0.0923748
2012-04-13 16:00:00 UTC,+18480.5,+171+2.52956e-15d,+171,+1087,+3.02182,+0.0923748
2012-04-13 16:30:00 UTC,+18566,+73-1.39422e-15d,+73,+1087,+3.02972,+0.0936344
2012-04-13 17:00:00 UTC,+18602.5,+131+2.52502e-15d,+131,+1087,+3.03314,+0.0936344
2012-04-13 17:30:00 UTC,+18668,+125-5.69955e-15d,+125,+1087,+3.03927,+0.0967616
2012-04-13 18:00:00 UTC,+18730.5,+133+9.56558e-16d,+133,+1087,+3.04532,+0.0967616
2012-04-13 18:30:00 UTC,+18797,+226-2.58948e-15d,+226,+1087,+3.05175,+0.0857237
2012-04-13 19:00:00 UTC,+18910,+149+3.7569e-15d,+149,+1087,+3.06144,+0.0857237
2012-04-13 19:30:00 UTC,+18984.5,+166-2.91232e-15d,+166,+1087,+3.06783,+0.073536
2012-04-13 20:00:00 UTC,+19067.5,+161+5.68944e-15d,+161,+1087,+3.07393,+0.073536
2012-04-13 20:30:00 UTC,+19148,+190+1.74094e-15d,+190,+1087,+3.07985,+0.070031
2012-04-13 21:00:00 UTC,+19243,+142+5.91314e-15d,+142,+1087,+3.0865,+0.070031
2012-04-13 21:30:00 UTC,+19314,+145-7.01916e-16d,+145,+1087,+3.09148,+0.068278
2012-04-13 22:00:00 UTC,+19386.5,+89-2.71598e-15d,+89,+1087,+3.09643,+0.068278
2012-04-13 22:30:00 UTC,+19431,+53-1.68029e-15d,+53,+1087,+3.09946,+0.0617202
2012-04-13 23:00:00 UTC,+19457.5,+74-5.67342e-15d,+74,+1087,+3.1011,+0.0617202
2012-04-13 23:30:00 UTC,+19494.5,+55+4.85757e-15d,+55,+1087,+3.10338,+0.0721132
2012-04-14 00:00:00 UTC,+19522,+71+3.22535e-15d,+71,+1087,+3.10537,+0.0721132
2012-04-14 00:30:00 UTC,+19557.5,+52+5.01549e-15d,+52,+1087,+3.10793,+0.0622771
2012-04-14 01:00:00 UTC,+19583.5,+47-6.22577e-15d,+47,+1087,+3.10955,+0.0622771
2012-04-14 01:30:00 UTC,+19607,+76-3.43165e-15d,+76,+1087,+3.11101,+0.0629074
2012-04-14 02:00:00 UTC,+19645,+54+2.00257e-15d,+54,+1087,+3.1134,+0.0629074
2012-04-14 02:30:00 UTC,+19672,+67+5.12686e-15d,+67,+1087,+3.1151,+0.0600138
2012-04-14 03:00:00 UTC,+19705.5,+55+2.89141e-15d,+55,+1087,+3.11711,+0.0600138
2012-04-14 03:30:00 UTC,+19733,+52+5.62714e-15d,+52,+1087,+3.11876,+0.0530438
2012-04-14 04:00:00 UTC,+19759,+76+6.6959e-16d,+76,+1087,+3.12014,+0.0530438
2012-04-14 04:30:00 UTC,+19797,+53+6.00105e-15d,+53,+1087,+3.12215,+0.0449045
2012-04-14 05:00:00 UTC,+19823.5,+48+3.4456e-15d,+48,+1087,+3.12334,+0.0449045
2012-04-14 05:30:00 UTC,+19847.5,+69-2.48913e-15d,+69,+1087,+3.12442,+0.0243352
2012-04-14 06:00:00 UTC,+19882,+84+4.99801e-15d,+84,+1087,+3.12526,+0.0243352
2012-04-14 06:30:00 UTC,+19924,+195+4.1755e-15d,+195,+1087,+3.12628,+0.0480879
2012-04-14 07:00:00 UTC,+20021.5,+102-5.61274e-15d,+102,+1087,+3.13097,+0.0480879
2012-04-14 07:30:00 UTC,+20072.5,+83-2.60576e-15d,+83,+1087,+3.13342,+0.0497826
2012-04-14 08:00:00 UTC,+20114,+114-5.35672e-15d,+114,+1087,+3.13549,+0.0497826
2012-04-14 08:30:00 UTC,+20171,+313-3.33298e-15d,+313,+1087,+3.13833,+0.0639374
2012-04-14 09:00:00 UTC,+20327.5,+89-8.57678e-16d,+89,+1087,+3.14833,+0.0639374
2012-04-14 09:30:00 UTC,+20372,+435-2.22273e-15d,+435,+1087,+3.15118,+0.0744511
2012-04-14 10:00:00 UTC,+20589.5,+324-3.76955e-15d,+324,+1087,+3.16737,+0.0744511
2012-04-14 10:30:00 UTC,+20751.5,+1123-3.62521e-15d,+1123,+1123,+3.17943,+0.069105
2012-04-14 11:00:00 UTC,+21313,+203+1.75479e-15d,+203,+1123,+3.21824,+0.069105
2012-04-14 11:30:00 UTC,+21414.5,+192+5.83102e-15d,+192,+1123,+3.22525,+0.0855999
2012-04-14 12:00:00 UTC,+21510.5,+779+1.69847e-15d,+779,+1123,+3.23347,+0.0855999
2012-04-14 12:30:00 UTC,+21900,+701+5.80757e-15d,+701,+1123,+3.26681,+0.106362
2012-04-14 13:00:00 UTC,+22250.5,+693+5.28716e-15d,+693,+1123,+3.30409,+0.106362
2012-04-14 13:30:00 UTC,+22597,+570-8.03509e-16d,+570,+1123,+3.34094,+0.086654
2012-04-14 14:00:00 UTC,+22882,+61+2.29417e-15d,+61,+1123,+3.36564,+0.086654
2012-04-14 14:30:00 UTC,+22912.5,+98+1.03855e-15d,+98,+1123,+3.36828,+0.0927649
2012-04-14 15:00:00 UTC,+22961.5,+91-1.25824e-15d,+91,+1123,+3.37283,+0.0927649
2012-04-14 15:30:00 UTC,+23007,+84+3.78637e-15d,+84,+1123,+3.37705,+0.122439
2012-04-14 16:00:00 UTC,+23049,+87+7.31162e-16d,+87,+1123,+3.38219,+0.122439
2012-04-14 16:30:00 UTC,+23092.5,+75+1.18741e-15d,+75,+1123,+3.38752,+0.181096
2012-04-14 17:00:00 UTC,+23130,+153+5.90377e-15d,+153,+1123,+3.39431,+0.181096
2012-04-14 17:30:00 UTC,+23206.5,+694+2.19981e-15d,+694,+1123,+3.40816,+0.2127
2012-04-14 18:00:00 UTC,+23553.5,+211+5.30595e-15d,+211,+1123,+3.48197,+0.2127
2012-04-14 18:30:00 UTC,+23659,+200-4.07111e-15d,+200,+1123,+3.50441,+0.0932981
2012-04-14 19:00:00 UTC,+23759,+393-6.21544e-15d,+393,+1123,+3.51374,+0.0932981
2012-04-14 19:30:00 UTC,+23955.5,+266+5.16541e-15d,+266,+1123,+3.53207,+0.0857223
2012-04-14 20:00:00 UTC,+24088.5,+258+3.45176e-15d,+258,+1123,+3.54347,+0.0857223
2012-04-14 20:30:00 UTC,+24217.5,+220-3.93232e-15d,+220,+1123,+3.55453,+0.101048
2012-04-14 21:00:00 UTC,+24327.5,+219-8.13293e-16d,+219,+1123,+3.56565,+0.101048
2012-04-14 21:30:00 UTC,+24437,+183-5.00546e-15d,+183,+1123,+3.57671,+0.0943567
2012-04-14 22:00:00 UTC,+24528.5,+214+6.18276e-15d,+214,+1123,+3.58534,+0.0943567
2012-04-14 22:30:00 UTC,+24635.5,+187-2.31313e-15d,+187,+1123,+3.59544,+0.0806714
2012-04-14 23:00:00 UTC,+24729,+77+1.48701e-15d,+77,+1123,+3.60298,+0.0806714
2012-04-14 23:30:00 UTC,+24767.5,+53+2.40042e-16d,+53,+1123,+3.60609,+0.0729887
2012-04-15 00:00:00 UTC,+24794,+69+1.10628e-15d,+69,+1123,+3.60802,+0.0729887
2012-04-15 00:30:00 UTC,+24828.5,+52+5.13782e-15d,+52,+1123,+3.61054,+0.0553364
2012-04-15 01:00:00 UTC,+24854.5,+50-4.96167e-15d,+50,+1123,+3.61198,+0.0553364
2012-04-15 01:30:00 UTC,+24879.5,+72+2.29707e-15d,+72,+1123,+3.61336,+0.0490111
2012-04-15 02:00:00 UTC,+24915.5,+56-1.36309e-15d,+56,+1123,+3.61513,+0.0490111
2012-04-15 02:30:00 UTC,+24943.5,+76+3.51535e-15d,+76,+1123,+3.6165,+0.0312105
2012-04-15 03:00:00 UTC,+24981.5,+47-5.14302e-15d,+47,+1123,+3.61769,+0.0312105
2012-04-15 03:30:00 UTC,+25005,+60-3.18055e-15d,+60,+1123,+3.61842,+0.0447598
2012-04-15 04:00:00 UTC,+25035,+63+5.95723e-15d,+63,+1123,+3.61976,+0.0447598
2012-04-15 04:30:00 UTC,+25066.5,+54-4.00514e-15d,+54,+1123,+3.62117,-0.0290836
2012-04-15 05:00:00 UTC,+25093.5,+75-3.64704e-15d,+75,+1123,+3.62039,-0.0290836
2012-04-15 05:30:00 UTC,+25131,+46-5.94625e-15d,+46,+1123,+3.6193,+0.0124047
2012-04-15 06:00:00 UTC,+25154,+90-3.81667e-15d,+90,+1123,+3.61958,+0.0124047
2012-04-15 06:30:00 UTC,+25199,+107+3.44808e-15d,+107,+1123,+3.62014,+0.0270577
2012-04-15 07:00:00 UTC,+25252.5,+92-5.5314e-16d,+92,+1123,+3.62159,+0.0270577
2012-04-15 07:30:00 UTC,+25298.5,+203+3.76026e-16d,+203,+1123,+3.62283,+0.00450078
2012-04-15 08:00:00 UTC,+25400,+94-8.12057e-16d,+94,+1123,+3.62329,+0.00450078
2012-04-15 08:30:00 UTC,+25447,+127-5.91032e-15d,+127,+1123,+3.6235,+0.0580291
2012-04-15 09:00:00 UTC,+25510.5,+132-3.18055e-15d,+132,+1123,+3.62719,+0.0580291
2012-04-15 09:30:00 UTC,+25576.5,+168-5.14947e-15d,+168,+1123,+3.63102,+0.0683292
2012-04-15 10:00:00 UTC,+25660.5,+517-3.44509e-15d,+517,+1123,+3.63676,+0.0683292
2012-04-15 10:30:00 UTC,+25919,+135-1.88477e-15d,+135,+1123,+3.65442,+0.0646556
2012-04-15 11:00:00 UTC,+25986.5,+97-1.96735e-15d,+97,+1123,+3.65878,+0.0646556
2012-04-15 11:30:00 UTC,+26035,+81-4.08368e-15d,+81,+1123,+3.66192,+0.0673555
2012-04-15 12:00:00 UTC,+26075.5,+279+2.73596e-16d,+279,+1123,+3.66465,+0.0673555
2012-04-15 12:30:00 UTC,+26215,+88-6.07197e-15d,+88,+1123,+3.67404,+0.0684048
2012-04-15 13:00:00 UTC,+26259,+57-1.00439e-15d,+57,+1123,+3.67705,+0.0684048
2012-04-15 13:30:00 UTC,+26287.5,+125+4.88533e-15d,+125,+1123,+3.679,+0.0757471
2012-04-15 14:00:00 UTC,+26350,+49+1.29819e-15d,+49,+1123,+3.68374,+0.0757471
2012-04-15 14:30:00 UTC,+26374.5,+297+4.54059e-15d,+297,+1123,+3.68559,+0.0911218
2012-04-15 15:00:00 UTC,+26523,+96-4.24074e-15d,+96,+1123,+3.69912,+0.0911218
2012-04-15 15:30:00 UTC,+26571,+118-3.98917e-15d,+118,+1123,+3.7035,+0.0921941
2012-04-15 16:00:00 UTC,+26630,+82+4.18902e-15d,+82,+1123,+3.70894,+0.0921941
2012-04-15 16:30:00 UTC,+26671,+131+6.0212e-15d,+131,+1123,+3.71272,+0.123761
2012-04-15 17:00:00 UTC,+26736.5,+100-1.65389e-15d,+100,+1123,+3.72082,+0.123761
2012-04-15 17:30:00 UTC,+26786.5,+817-3.36352e-15d,+817,+1123,+3.72701,+0.0974877
2012-04-15 18:00:00 UTC,+27195,+517+3.83881e-15d,+517,+1123,+3.76683,+0.0974877
2012-04-15 18:30:00 UTC,+27453.5,+102+1.372e-15d,+102,+1123,+3.79204,+0.0992576
2012-04-15 19:00:00 UTC,+27504.5,+99+2.95567e-15d,+99,+1123,+3.7971,+0.0992576
2012-04-15 19:30:00 UTC,+27554,+210+4.7254e-15d,+210,+1123,+3.80201,+0.106066
2012-04-15 20:00:00 UTC,+27659,+155+3.28315e-15d,+155,+1123,+3.81315,+0.106066
2012-04-15 20:30:00 UTC,+27736.5,+150-2.29e-15d,+150,+1123,+3.82137,+0.0994139
2012-04-15 21:00:00 UTC,+27811.5,+123-5.9991e-15d,+123,+1123,+3.82882,+0.0994139
2012-04-15 21:30:00 UTC,+27873,+130-4.01239e-15d,+130,+1123,+3.83494,+0.102529
2012-04-15 22:00:00 UTC,+27938,+85-5.98693e-16d,+85,+1123,+3.8416,+0.102529
2012-04-15 22:30:00 UTC,+27980.5,+72+3.799e-15d,+72,+1123,+3.84596,+0.0845702
2012-04-15 23:00:00 UTC,+28016.5,+56+1.93105e-15d,+56,+1123,+3.849,+0.0845702
2012-04-15 23:30:00 UTC,+28044.5,+61+6.15255e-15d,+61,+1123,+3.85137,+0.13211
2012-04-16 00:00:00 UTC,+28075,+56-2.27182e-16d,+56,+1123,+3.8554,+0.13211
2012-04-16 00:30:00 UTC,+28103,+52-5.13782e-15d,+52,+1123,+3.8591,+0.0604592
2012-04-16 01:00:00 UTC,+28129,+77+4.54365e-15d,+77,+1123,+3.86067,+0.0604592
2012-04-16 01:30:00 UTC,+28167.5,+56+4.20288e-15d,+56,+1123,+3.863,+0.060738
2012-04-16 02:00:00 UTC,+28195.5,+55-1.15657e-15d,+55,+1123,+3.8647,+0.060738
2012-04-16 02:30:00 UTC,+28223,+61+3.7541e-15d,+61,+1123,+3.86637,+0.0595215
2012-04-16 03:00:00 UTC,+28253.5,+54-2.47376e-15d,+54,+1123,+3.86819,+0.0595215
2012-04-16 03:30:00 UTC,+28280.5,+71+8.06338e-16d,+71,+1123,+3.86979,+0.0563472
2012-04-16 04:00:00 UTC,+28316,+57+2.12037e-15d,+57,+1123,+3.87179,+0.0563472
2012-04-16 04:30:00 UTC,+28344.5,+50+3.68944e-15d,+50,+1123,+3.8734,+0.0575749
2012-04-16 05:00:00 UTC,+28369.5,+63-2.72619e-15d,+63,+1123,+3.87484,+0.0575749
2012-04-16 05:30:00 UTC,+28401,+55+3.4697e-15d,+55,+1123,+3.87665,+0.0620269
2012-04-16 06:00:00 UTC,+28428.5,+84+6.36111e-15d,+84,+1123,+3.87836,+0.0620269
2012-04-16 06:30:00 UTC,+28470.5,+115+5.08889e-15d,+115,+1123,+3.88096,+0.0701608
2012-04-16 07:00:00 UTC,+28528,+276-3.41103e-15d,+276,+1123,+3.885,+0.0701608
2012-04-16 07:30:00 UTC,+28666,+133-1.91312e-16d,+133,+1123,+3.89468,+0.0720003
2012-04-16 08:00:00 UTC,+28732.5,+148-5.9313e-15d,+148,+1123,+3.89947,+0.0720003
2012-04-16 08:30:00 UTC,+28806.5,+239-3.51325e-15d,+239,+1123,+3.9048,+0.0819877
2012-04-16 09:00:00 UTC,+28926,+169+2.5595e-15d,+169,+1123,+3.91459,+0.0819877
2012-04-16 09:30:00 UTC,+29010.5,+130+1.37009e-15d,+130,+1123,+3.92152,+0.0939597
2012-04-16 10:00:00 UTC,+29075.5,+208+2.20192e-15d,+208,+1123,+3.92763,+0.0939597
2012-04-16 10:30:00 UTC,+29179.5,+93+4.65113e-15d,+93,+1123,+3.9374,+0.123499
2012-04-16 11:00:00 UTC,+29226,+103+1.72923e-15d,+103,+1123,+3.94314,+0.123499
2012-04-16 11:30:00 UTC,+29277.5,+231-1.10149e-15d,+231,+1123,+3.9495,+0.120955
2012-04-16 12:00:00 UTC,+29393,+141-3.60914e-16d,+141,+1123,+3.96347,+0.120955
2012-04-16 12:30:00 UTC,+29463.5,+129+3.05728e-15d,+129,+1123,+3.972,+0.303523
2012-04-16 13:00:00 UTC,+29528,+89-2.71598e-15d,+89,+1123,+3.99158,+0.303523
2012-04-16 13:30:00 UTC,+29572.5,+54+2.70936e-15d,+54,+1123,+4.00509,+0.105851
2012-04-16 14:00:00 UTC,+29599.5,+87+1.75479e-15d,+87,+1123,+4.00794,+0.105851
2012-04-16 14:30:00 UTC,+29643,+46+4.14855e-16d,+46,+1123,+4.01255,+0.134332
2012-04-16 15:00:00 UTC,+29666,+141+3.60914e-16d,+141,+1123,+4.01564,+0.134332
2012-04-16 15:30:00 UTC,+29736.5,+62-6.15591e-15d,+62,+1123,+4.02511,+0.316168
2012-04-16 16:00:00 UTC,+29767.5,+76-3.59905e-15d,+76,+1123,+4.03491,+0.316168
2012-04-16 16:30:00 UTC,+29805.5,+112-4.99801e-15d,+112,+1123,+4.04692,+0.190817
2012-04-16 17:00:00 UTC,+29861.5,+254+6.0105e-15d,+254,+1123,+4.05761,+0.190817
2012-04-16 17:30:00 UTC,+29988.5,+1143-2.22611e-15d,+1143,+1143,+4.08184,+0.216197
2012-04-16 18:00:00 UTC,+30560,+101-3.90484e-15d,+101,+1143,+4.2054,+0.216197
2012-04-16 18:30:00 UTC,+30610.5,+223+1.14101e-16d,+223,+1143,+4.21632,+0.145511
2012-04-16 19:00:00 UTC,+30722,+221-5.75666e-16d,+221,+1143,+4.23254,+0.145511
2012-04-16 19:30:00 UTC,+30832.5,+197-2.58319e-15d,+197,+1143,+4.24862,+0.133813
2012-04-16 20:00:00 UTC,+30931,+213+5.73396e-15d,+213,+1143,+4.2618,+0.133813
2012-04-16 20:30:00 UTC,+31037.5,+200+5.725e-15d,+200,+1143,+4.27605,+0.400453
2012-04-16 21:00:00 UTC,+31137.5,+211-3.97946e-15d,+211,+1143,+4.3161,+0.400453
2012-04-16 21:30:00 UTC,+31243,+205+1.24119e-16d,+205,+1143,+4.35835,+0.369234
2012-04-16 22:00:00 UTC,+31345.5,+192-4.63831e-15d,+192,+1143,+4.39619,+0.369234
2012-04-16 22:30:00 UTC,+31441.5,+69+2.95008e-15d,+69,+1143,+4.43164,+0.107162
2012-04-16 23:00:00 UTC,+31476,+67+4.0825e-15d,+67,+1143,+4.43534,+0.107162
2012-04-16 23:30:00 UTC,+31509.5,+63+1.11067e-15d,+63,+1143,+4.43893,+0.126401
2012-04-17 00:00:00 UTC,+31541,+56-3.63492e-15d,+56,+1143,+4.44291,+0.126401
2012-04-17 00:30:00 UTC,+31569,+67-3.41791e-15d,+67,+1143,+4.44645,+0.103588
2012-04-17 01:00:00 UTC,+31602.5,+48+2.51794e-15d,+48,+1143,+4.44992,+0.103588
2012-04-17 01:30:00 UTC,+31626.5,+71-5.64436e-15d,+71,+1143,+4.4524,+0.0747526
2012-04-17 02:00:00 UTC,+31662,+60+3.49861e-15d,+60,+1143,+4.45506,+0.0747526
2012-04-17 02:30:00 UTC,+31692,+55-6.24545e-15d,+55,+1143,+4.4573,+0.0634324
2012-04-17 03:00:00 UTC,+31719.5,+64-7.95139e-16d,+64,+1143,+4.45904,+0.0634324
2012-04-17 03:30:00 UTC,+31751.5,+58+5.59339e-15d,+58,+1143,+4.46107,+0.0625991
2012-04-17 04:00:00 UTC,+31780.5,+62-1.23118e-15d,+62,+1143,+4.46289,+0.0625991
2012-04-17 04:30:00 UTC,+31811.5,+68+3.18055e-15d,+68,+1143,+4.46483,+0.0615772
2012-04-17 05:00:00 UTC,+31845.5,+46-4.97826e-15d,+46,+1143,+4.46692,+0.0615772
2012-04-17 05:30:00 UTC,+31868.5,+71-2.32942e-15d,+71,+1143,+4.46834,+0.0660588
2012-04-17 06:00:00 UTC,+31904,+213-4.06155e-15d,+213,+1143,+4.47068,+0.0660588
2012-04-17 06:30:00 UTC,+32010.5,+120+4.24074e-16d,+120,+1143,+4.47772,+0.0815083
2012-04-17 07:00:00 UTC,+32070.5,+143+2.4021e-15d,+143,+1143,+4.48261,+0.0815083
2012-04-17 07:30:00 UTC,+32142,+116-1.64511e-15d,+116,+1143,+4.48844,+0.0695524
2012-04-17 08:00:00 UTC,+32200,+249-2.86122e-15d,+249,+1143,+4.49247,+0.0695524
2012-04-17 08:30:00 UTC,+32324.5,+128+0d,+128,+1143,+4.50113,+0.0843426
2012-04-17 09:00:00 UTC,+32388.5,+123-3.82701e-15d,+123,+1143,+4.50653,+0.0843426
2012-04-17 09:30:00 UTC,+32450,+152+4.01754e-15d,+152,+1143,+4.51172,+0.156636
2012-04-17 10:00:00 UTC,+32526,+199+2.55723e-15d,+199,+1143,+4.52362,+0.156636
2012-04-17 10:30:00 UTC,+32625.5,+120+4.87685e-15d,+120,+1143,+4.53921,+0.135459
2012-04-17 11:00:00 UTC,+32685.5,+101+2.89714e-15d,+101,+1143,+4.54733,+0.135459
2012-04-17 11:30:00 UTC,+32736,+80-4.92986e-15d,+80,+1143,+4.55417,+0.108781
2012-04-17 12:00:00 UTC,+32776,+98+5.97165e-15d,+98,+1143,+4.55853,+0.108781
2012-04-17 12:30:00 UTC,+32825,+69-2.7657e-15d,+69,+1143,+4.56386,+0.289358
2012-04-17 13:00:00 UTC,+32859.5,+197-1.80823e-15d,+197,+1143,+4.57384,+0.289358
2012-04-17 13:30:00 UTC,+32958,+83+6.28447e-15d,+83,+1143,+4.60234,+0.456519
2012-04-17 14:00:00 UTC,+32999.5,+81+1.09945e-15d,+81,+1143,+4.62129,+0.456519
2012-04-17 14:30:00 UTC,+33040,+102-5.98693e-15d,+102,+1143,+4.63977,+0.161375
2012-04-17 15:00:00 UTC,+33091,+53-6.12107e-15d,+53,+1143,+4.648,+0.161375
2012-04-17 15:30:00 UTC,+33117.5,+62-4.51434e-15d,+62,+1143,+4.65228,+0.235303
2012-04-17 16:00:00 UTC,+33148.5,+245+5.19274e-15d,+245,+1143,+4.65958,+0.235303
2012-04-17 16:30:00 UTC,+33271,+170-6.1366e-15d,+170,+1143,+4.6884,+0.262698
2012-04-17 17:00:00 UTC,+33356,+229+5.55555e-16d,+229,+1143,+4.71073,+0.262698
2012-04-17 17:30:00 UTC,+33470.5,+188-3.92494e-15d,+188,+1143,+4.74081,+0.175882
2012-04-17 18:00:00 UTC,+33564.5,+218+2.91794e-15d,+218,+1143,+4.75734,+0.175882
2012-04-17 18:30:00 UTC,+33673.5,+338+3.76397e-15d,+338,+1143,+4.77651,+0.174811
2012-04-17 19:00:00 UTC,+33842.5,+224+1.70387e-15d,+224,+1143,+4.80606,+0.174811
2012-04-17 19:30:00 UTC,+33954.5,+203+2.3815e-15d,+203,+1143,+4.82563,+0.193694
2012-04-17 20:00:00 UTC,+34056,+193+2.63673e-16d,+193,+1143,+4.84529,+0.193694
2012-04-17 20:30:00 UTC,+34152.5,+242+3.57484e-15d,+242,+1143,+4.86399,+0.178497
2012-04-17 21:00:00 UTC,+34273.5,+203+5.64039e-15d,+203,+1143,+4.88558,+0.178497
2012-04-17 21:30:00 UTC,+34375,+145+1.22835e-15d,+145,+1143,+4.9037,+0.181472
2012-04-17 22:00:00 UTC,+34447.5,+72+4.15239e-15d,+72,+1143,+4.91686,+0.181472
2012-04-17 22:30:00 UTC,+34483.5,+47+1.35343e-16d,+47,+1143,+4.92339,+0.112891
2012-04-17 23:00:00 UTC,+34507,+74-3.86824e-15d,+74,+1143,+4.92604,+0.112891
2012-04-17 23:30:00 UTC,+34544,+53+1.20021e-16d,+53,+1143,+4.93022,+0.102308
2012-04-18 00:00:00 UTC,+34570.5,+62+1.43638e-15d,+62,+1143,+4.93293,+0.102308
2012-04-18 00:30:00 UTC,+34601.5,+61-6.04827e-15d,+61,+1143,+4.9361,+0.0990193
2012-04-18 01:00:00 UTC,+34632,+46+6.22282e-15d,+46,+1143,+4.93912,+0.0990193
2012-04-18 01:30:00 UTC,+34655,+75-4.24074e-15d,+75,+1143,+4.9414,+0.0835099
2012-04-18 02:00:00 UTC,+34692.5,+54+4.35854e-15d,+54,+1143,+4.94453,+0.0835099
2012-04-18 02:30:00 UTC,+34719.5,+56+4.99801e-15d,+56,+1143,+4.94679,+0.0771747
2012-04-18 03:00:00 UTC,+34747.5,+63+4.84656e-15d,+63,+1143,+4.94895,+0.0771747
2012-04-18 03:30:00 UTC,+34779,+51-5.11383e-15d,+51,+1143,+4.95138,+0.0698121
2012-04-18 04:00:00 UTC,+34804.5,+57-3.45955e-15d,+57,+1143,+4.95316,+0.0698121
2012-04-18 04:30:00 UTC,+34833,+74+6.10323e-15d,+74,+1143,+4.95515,+0.0631349
2012-04-18 05:00:00 UTC,+34870,+41+9.30894e-16d,+41,+1143,+4.95749,+0.0631349
2012-04-18 05:30:00 UTC,+34890.5,+154+6.60894e-16d,+154,+1143,+4.95878,+0.0688185
2012-04-18 06:00:00 UTC,+34967.5,+99-4.62626e-15d,+99,+1143,+4.96408,+0.0688185
2012-04-18 06:30:00 UTC,+35017,+95-5.75848e-15d,+95,+1143,+4.96749,+0.0803606
2012-04-18 07:00:00 UTC,+35064.5,+90+4.80617e-15d,+90,+1143,+4.9713,+0.0803606
2012-04-18 07:30:00 UTC,+35109.5,+97+1.31157e-15d,+97,+1143,+4.97492,+0.0770361
2012-04-18 08:00:00 UTC,+35158,+266-2.20008e-15d,+266,+1143,+4.97865,+0.0770361
2012-04-18 08:30:00 UTC,+35291,+172+5.32558e-15d,+172,+1143,+4.9889,+0.112268
2012-04-18 09:00:00 UTC,+35377,+133+1.43484e-15d,+133,+1143,+4.99856,+0.112268
2012-04-18 09:30:00 UTC,+35443.5,+701-6.24314e-15d,+701,+1143,+5.00602,+0.162983
2012-04-18 10:00:00 UTC,+35794,+224-1.59028e-15d,+224,+1143,+5.06315,+0.162983
2012-04-18 10:30:00 UTC,+35906,+138+4.51731e-15d,+138,+1143,+5.0814,+0.158396
2012-04-18 11:00:00 UTC,+35975,+100-2.54444e-15d,+100,+1143,+5.09233,+0.158396
2012-04-18 11:30:00 UTC,+36025,+75-5.08889e-16d,+75,+1143,+5.10025,+0.112218
2012-04-18 12:00:00 UTC,+36062.5,+102+3.49237e-15d,+102,+1143,+5.10446,+0.112218
2012-04-18 12:30:00 UTC,+36113.5,+128+1.09332e-15d,+128,+1143,+5.11018,+0.206997
2012-04-18 13:00:00 UTC,+36177.5,+93+2.59916e-15d,+93,+1143,+5.12343,+0.206997
2012-04-18 13:30:00 UTC,+36224,+89+6.14669e-15d,+89,+1143,+5.13305,+0.240951
2012-04-18 14:00:00 UTC,+36268.5,+518+3.43844e-15d,+518,+1143,+5.14378,+0.240951
2012-04-18 14:30:00 UTC,+36527.5,+655-3.41849e-15d,+655,+1143,+5.20618,+0.200443
2012-04-18 15:00:00 UTC,+36855,+343-1.18691e-15d,+343,+1143,+5.27183,+0.200443
2012-04-18 15:30:00 UTC,+37026.5,+59+8.62523e-16d,+59,+1143,+5.3062,+0.681351
2012-04-18 16:00:00 UTC,+37056,+82+4.65447e-16d,+82,+1143,+5.3263,+0.681351
2012-04-18 16:30:00 UTC,+37097,+70+3.63492e-16d,+70,+1143,+5.35424,+0.211898
2012-04-18 17:00:00 UTC,+37132,+764-2.79756e-15d,+764,+1143,+5.36166,+0.211898
2012-04-18 17:30:00 UTC,+37514,+882+2.42328e-15d,+882,+1143,+5.4426,+0.265334
2012-04-18 18:00:00 UTC,+37955,+218+3.15138e-15d,+218,+1143,+5.55961,+0.265334
2012-04-18 18:30:00 UTC,+38064,+322-1.42236e-15d,+322,+1143,+5.58854,+0.154521
2012-04-18 19:00:00 UTC,+38225,+250-2.748e-15d,+250,+1143,+5.61341,+0.154521
2012-04-18 19:30:00 UTC,+38350,+239+3.61971e-15d,+239,+1143,+5.63273,+0.234624
2012-04-18 20:00:00 UTC,+38469.5,+190-6.16023e-15d,+190,+1143,+5.66077,+0.234624
2012-04-18 20:30:00 UTC,+38564.5,+214+4.75597e-15d,+214,+1143,+5.68306,+0.24446
2012-04-18 21:00:00 UTC,+38671.5,+223+3.53712e-15d,+223,+1143,+5.70921,+0.24446
2012-04-18 21:30:00 UTC,+38783,+164-5.74051e-15d,+164,+1143,+5.73647,+0.254701
2012-04-18 22:00:00 UTC,+38865,+76+3.01316e-15d,+76,+1143,+5.75736,+0.254701
2012-04-18 22:30:00 UTC,+38903,+49-3.24546e-15d,+49,+1143,+5.76703,+0.112855
2012-04-18 23:00:00 UTC,+38927.5,+63-5.0485e-15d,+63,+1143,+5.7698,+0.112855
2012-04-18 23:30:00 UTC,+38959,+72+0d,+72,+1143,+5.77335,+0.0907032
2012-04-19 00:00:00 UTC,+38995,+56+2.95337e-15d,+56,+1143,+5.77662,+0.0907032
2012-04-19 00:30:00 UTC,+39023,+67+7.59535e-16d,+67,+1143,+5.77916,+0.0865751
2012-04-19 01:00:00 UTC,+39056.5,+53-5.28092e-15d,+53,+1143,+5.78206,+0.0865751
2012-04-19 01:30:00 UTC,+39083,+58+1.53544e-15d,+58,+1143,+5.78435,+0.0902776
2012-04-19 02:00:00 UTC,+39112,+79-4.50914e-15d,+79,+1143,+5.78697,+0.0902776
2012-04-19 02:30:00 UTC,+39151.5,+47+5.54905e-15d,+47,+1143,+5.79054,+0.0711086
2012-04-19 03:00:00 UTC,+39175,+60+4.0287e-15d,+60,+1143,+5.79221,+0.0711086
2012-04-19 03:30:00 UTC,+39205,+72+3.88734e-15d,+72,+1143,+5.79434,+0.0623496
2012-04-19 04:00:00 UTC,+39241,+54-5.77212e-15d,+54,+1143,+5.79659,+0.0623496
2012-04-19 04:30:00 UTC,+39268,+73-3.04985e-15d,+73,+1143,+5.79827,+0.0629441
2012-04-19 05:00:00 UTC,+39304.5,+53+1.92033e-15d,+53,+1143,+5.80057,+0.0629441
2012-04-19 05:30:00 UTC,+39331,+51-4.73965e-15d,+51,+1143,+5.80224,+0.0814103
2012-04-19 06:00:00 UTC,+39356.5,+107+2.02129e-15d,+107,+1143,+5.80431,+0.0814103
2012-04-19 06:30:00 UTC,+39410,+99-3.21268e-15d,+99,+1143,+5.80867,+0.096642
2012-04-19 07:00:00 UTC,+39459.5,+180-2.26173e-15d,+180,+1143,+5.81345,+0.096642
2012-04-19 07:30:00 UTC,+39549.5,+127-3.00525e-15d,+127,+1143,+5.82215,+0.0766091
2012-04-19 08:00:00 UTC,+39613,+119+1.60364e-15d,+119,+1143,+5.82701,+0.0766091
2012-04-19 08:30:00 UTC,+39672.5,+119-1.176e-15d,+119,+1143,+5.83157,+0.120606
2012-04-19 09:00:00 UTC,+39732,+139-3.02038e-15d,+139,+1143,+5.83875,+0.120606
2012-04-19 09:30:00 UTC,+39801.5,+381-6.27763e-15d,+381,+1143,+5.84713,+0.137635
2012-04-19 10:00:00 UTC,+39992,+140-6.17936e-15d,+140,+1143,+5.87335,+0.137635
2012-04-19 10:30:00 UTC,+40062,+105-4.60423e-15d,+105,+1143,+5.88298,+0.172198
2012-04-19 11:00:00 UTC,+40114.5,+81-1.88477e-15d,+81,+1143,+5.89202,+0.172198
2012-04-19 11:30:00 UTC,+40155,+94+3.11288e-15d,+94,+1143,+5.899,+0.119735
2012-04-19 12:00:00 UTC,+40202,+65-3.62094e-15d,+65,+1143,+5.90463,+0.119735
2012-04-19 12:30:00 UTC,+40234.5,+103+4.94067e-16d,+103,+1143,+5.90852,+0.168169
2012-04-19 13:00:00 UTC,+40286,+98+5.5822e-15d,+98,+1143,+5.91718,+0.168169
2012-04-19 13:30:00 UTC,+40335,+76+9.20687e-16d,+76,+1143,+5.92542,+0.182539
2012-04-19 14:00:00 UTC,+40373,+81-7.85322e-16d,+81,+1143,+5.93235,+0.182539
2012-04-19 14:30:00 UTC,+40413.5,+61+2.91985e-15d,+61,+1143,+5.93975,+0.152833
2012-04-19 15:00:00 UTC,+40444,+69-1.01409e-15d,+69,+1143,+5.94441,+0.152833
2012-04-19 15:30:00 UTC,+40478.5,+65+1.76154e-15d,+65,+1143,+5.94968,+0.193194
2012-04-19 16:00:00 UTC,+40511,+52-5.99412e-15d,+52,+1143,+5.95596,+0.193194
2012-04-19 16:30:00 UTC,+40537,+58-3.72893e-15d,+58,+1143,+5.96098,+0.225002
2012-04-19 17:00:00 UTC,+40566,+212-4.80084e-16d,+212,+1143,+5.96751,+0.225002
2012-04-19 17:30:00 UTC,+40672,+124+1.12858e-15d,+124,+1143,+5.99136,+0.207583
2012-04-19 18:00:00 UTC,+40734,+198+1.92761e-15d,+198,+1143,+6.00423,+0.207583
2012-04-19 18:30:00 UTC,+40833,+193+3.95509e-15d,+193,+1143,+6.02478,+0.189368
2012-04-19 19:00:00 UTC,+40929.5,+123-1.96522e-15d,+123,+1143,+6.04305,+0.189368
2012-04-19 19:30:00 UTC,+40991,+221+0d,+221,+1143,+6.0547,+0.178369
2012-04-19 20:00:00 UTC,+41101.5,+160+2.46493e-15d,+160,+1143,+6.07441,+0.178369
2012-04-19 20:30:00 UTC,+41181.5,+137-1.11435e-15d,+137,+1143,+6.08868,+0.167562
2012-04-19 21:00:00 UTC,+41250,+149+4.01305e-15d,+149,+1143,+6.10016,+0.167562
2012-04-19 21:30:00 UTC,+41324.5,+161-5.68944e-15d,+161,+1143,+6.11264,+0.236294
2012-04-19 22:00:00 UTC,+41405,+104-2.44658e-15d,+104,+1143,+6.13166,+0.236294
2012-04-19 22:30:00 UTC,+41457,+44+5.05997e-15d,+44,+1143,+6.14395,+0.101408
2012-04-19 23:00:00 UTC,+41479,+59-2.15631e-16d,+59,+1143,+6.14618,+0.101408
2012-04-19 23:30:00 UTC,+41508.5,+67+5.79146e-15d,+67,+1143,+6.14917,+0.0745437
2012-04-20 00:00:00 UTC,+41542,+55-6.24545e-15d,+55,+1143,+6.15167,+0.0745437
2012-04-20 00:30:00 UTC,+41569.5,+71-4.83803e-15d,+71,+1143,+6.15372,+0.0754674
2012-04-20 01:00:00 UTC,+41605,+45-5.23025e-15d,+45,+1143,+6.1564,+0.0754674
2012-04-20 01:30:00 UTC,+41627.5,+50+4.70722e-15d,+50,+1143,+6.1581,+0.075001
2012-04-20 02:00:00 UTC,+41652.5,+77+2.97403e-15d,+77,+1143,+6.15997,+0.075001
2012-04-20 02:30:00 UTC,+41691,+56+3.63492e-15d,+56,+1143,+6.16286,+0.0676116
2012-04-20 03:00:00 UTC,+41719,+48+5.1684e-15d,+48,+1143,+6.16475,+0.0676116
2012-04-20 03:30:00 UTC,+41743,+67-1.42413e-15d,+67,+1143,+6.16637,+0.0611428
2012-04-20 04:00:00 UTC,+41776.5,+58+5.48371e-15d,+58,+1143,+6.16842,+0.0611428
2012-04-20 04:30:00 UTC,+41805.5,+58+4.82567e-15d,+58,+1143,+6.1702,+0.0599478
2012-04-20 05:00:00 UTC,+41834.5,+69+9.219e-17d,+69,+1143,+6.17193,+0.0599478
2012-04-20 05:30:00 UTC,+41869,+162-6.28258e-15d,+162,+1143,+6.174,+0.0657592
2012-04-20 06:00:00 UTC,+41950,+93-5.88232e-15d,+93,+1143,+6.17933,+0.0657592
2012-04-20 06:30:00 UTC,+41996.5,+105+5.81587e-15d,+105,+1143,+6.18239,+0.0793622
2012-04-20 07:00:00 UTC,+42049,+91+5.59218e-15d,+91,+1143,+6.18655,+0.0793622
2012-04-20 07:30:00 UTC,+42094.5,+141-5.23325e-15d,+141,+1143,+6.19016,+0.0734881
2012-04-20 08:00:00 UTC,+42165,+133-2.86967e-15d,+133,+1143,+6.19534,+0.0734881
2012-04-20 08:30:00 UTC,+42231.5,+157-5.99646e-15d,+157,+1143,+6.20023,+0.0857881
2012-04-20 09:00:00 UTC,+42310,+172+3.25452e-15d,+172,+1143,+6.20697,+0.0857881
2012-04-20 09:30:00 UTC,+42396,+80-2.8625e-15d,+80,+1143,+6.21434,+0.116741
2012-04-20 10:00:00 UTC,+42436,+81-5.65432e-15d,+81,+1143,+6.21901,+0.116741
2012-04-20 10:30:00 UTC,+42476.5,+75-8.48148e-16d,+75,+1143,+6.22374,+0.1017
2012-04-20 11:00:00 UTC,+42514,+66+5.59007e-15d,+66,+1143,+6.22756,+0.1017
2012-04-20 11:30:00 UTC,+42547,+79+3.86498e-15d,+79,+1143,+6.23091,+0.110528
2012-04-20 12:00:00 UTC,+42586.5,+63-3.63492e-15d,+63,+1143,+6.23528,+0.110528
2012-04-20 12:30:00 UTC,+42618,+65+9.78632e-16d,+65,+1143,+6.23876,+0.129072
2012-04-20 13:00:00 UTC,+42650.5,+72-3.00386e-15d,+72,+1143,+6.24295,+0.129072
2012-04-20 13:30:00 UTC,+42686.5,+276-5.99235e-15d,+276,+1143,+6.2476,+0.181163
2012-04-20 14:00:00 UTC,+42824.5,+65-4.89316e-16d,+65,+1143,+6.2726,+0.181163
2012-04-20 14:30:00 UTC,+42857,+56+1.81746e-15d,+56,+1143,+6.27849,+0.237691
2012-04-20 15:00:00 UTC,+42885,+70+2.18095e-15d,+70,+1143,+6.28514,+0.237691
2012-04-20 15:30:00 UTC,+42920,+46-2.7657e-16d,+46,+1143,+6.29346,+0.214656
2012-04-20 16:00:00 UTC,+42943,+93+8.20788e-16d,+93,+1143,+6.2984,+0.214656
2012-04-20 16:30:00 UTC,+42989.5,+178-3.00187e-15d,+178,+1143,+6.30838,+0.223338
2012-04-20 17:00:00 UTC,+43078.5,+120-2.22639e-15d,+120,+1143,+6.32826,+0.223338
2012-04-20 17:30:00 UTC,+43138.5,+107-2.37798e-16d,+107,+1143,+6.34166,+0.158675
2012-04-20 18:00:00 UTC,+43192,+126-3.93783e-15d,+126,+1143,+6.35015,+0.158675
2012-04-20 18:30:00 UTC,+43255,+127-5.30927e-15d,+127,+1143,+6.36014,+0.120001
2012-04-20 19:00:00 UTC,+43318.5,+153-4.90595e-15d,+153,+1143,+6.36776,+0.120001
2012-04-20 19:30:00 UTC,+43395,+131-4.37023e-15d,+131,+1143,+6.37694,+0.116979
2012-04-20 20:00:00 UTC,+43460.5,+169-3.46285e-15d,+169,+1143,+6.38461,+0.116979
2012-04-20 20:30:00 UTC,+43545,+129+1.97244e-16d,+129,+1143,+6.39449,+0.313547
2012-04-20 21:00:00 UTC,+43609.5,+141-6.40622e-15d,+141,+1143,+6.41472,+0.313547
2012-04-20 21:30:00 UTC,+43680,+116+5.37404e-15d,+116,+1143,+6.43682,+0.127529
2012-04-20 22:00:00 UTC,+43738,+55-2.08182e-15d,+55,+1143,+6.44422,+0.127529
2012-04-20 22:30:00 UTC,+43765.5,+73+2.43988e-15d,+73,+1143,+6.44772,+0.0733601
2012-04-20 23:00:00 UTC,+43802,+50-1.27222e-15d,+50,+1143,+6.4504,+0.0733601
2012-04-20 23:30:00 UTC,+43827,+66-1.83123e-15d,+66,+1143,+6.45224,+0.0891258
2012-04-21 00:00:00 UTC,+43860,+54+5.18313e-15d,+54,+1143,+6.45518,+0.0891258
2012-04-21 00:30:00 UTC,+43887,+56-4.20288e-15d,+56,+1143,+6.45758,+0.0734284
2012-04-21 01:00:00 UTC,+43915,+72+6.18441e-16d,+72,+1143,+6.45964,+0.0734284
2012-04-21 01:30:00 UTC,+43951,+46+4.14855e-16d,+46,+1143,+6.46228,+0.0831762
2012-04-21 02:00:00 UTC,+43974,+71+2.06064e-15d,+71,+1143,+6.4642,+0.0831762
2012-04-21 02:30:00 UTC,+44009.5,+55-3.81667e-15d,+55,+1143,+6.46715,+0.0784547
2012-04-21 03:00:00 UTC,+44037,+58+2.63218e-15d,+58,+1143,+6.46931,+0.0784547
2012-04-21 03:30:00 UTC,+44066,+70-1.81746e-15d,+70,+1143,+6.47158,+0.069211
2012-04-21 04:00:00 UTC,+44101,+44+4.04798e-15d,+44,+1143,+6.474,+0.069211
2012-04-21 04:30:00 UTC,+44123,+64+6.36111e-15d,+64,+1143,+6.47553,+0.0615751
2012-04-21 05:00:00 UTC,+44155,+68-6.26756e-15d,+68,+1143,+6.4775,+0.0615751
2012-04-21 05:30:00 UTC,+44189,+50-1.65389e-15d,+50,+1143,+6.47959,+0.0624361
2012-04-21 06:00:00 UTC,+44214,+93-3.69355e-15d,+93,+1143,+6.48115,+0.0624361
2012-04-21 06:30:00 UTC,+44260.5,+197-5.81218e-15d,+197,+1143,+6.48405,+0.0650097
2012-04-21 07:00:00 UTC,+44359,+90+4.09938e-15d,+90,+1143,+6.49046,+0.0650097
2012-04-21 07:30:00 UTC,+44404,+108-6.00771e-15d,+108,+1143,+6.49338,+0.0618611
2012-04-21 08:00:00 UTC,+44458,+168+4.84656e-15d,+168,+1143,+6.49672,+0.0618611
2012-04-21 08:30:00 UTC,+44542,+154-4.54365e-15d,+154,+1143,+6.50192,+0.0720538
2012-04-21 09:00:00 UTC,+44619,+133-3.06098e-15d,+133,+1143,+6.50747,+0.0720538
2012-04-21 09:30:00 UTC,+44685.5,+362-5.76366e-15d,+362,+1143,+6.51226,+0.0695525
2012-04-21 10:00:00 UTC,+44866.5,+214-5.23157e-15d,+214,+1143,+6.52485,+0.0695525
2012-04-21 10:30:00 UTC,+44973.5,+108+5.53652e-15d,+108,+1143,+6.53229,+0.0896718
2012-04-21 11:00:00 UTC,+45027.5,+249-2.55466e-15d,+249,+1143,+6.53713,+0.0896718
2012-04-21 11:30:00 UTC,+45152,+611+2.24877e-15d,+611,+1143,+6.5483,+0.122888
2012-04-21 12:00:00 UTC,+45457.5,+782-3.12361e-15d,+782,+1143,+6.58584,+0.122888
2012-04-21 12:30:00 UTC,+45848.5,+215+2.36692e-15d,+215,+1143,+6.63389,+0.157821
2012-04-21 13:00:00 UTC,+45956,+132-4.52988e-15d,+132,+1143,+6.65085,+0.157821
2012-04-21 13:30:00 UTC,+46022,+52-2.20192e-15d,+52,+1143,+6.66127,+0.129007
2012-04-21 14:00:00 UTC,+46048,+64-5.26779e-15d,+64,+1143,+6.66462,+0.129007
2012-04-21 14:30:00 UTC,+46080,+81+5.49726e-15d,+81,+1143,+6.66875,+0.12633
2012-04-21 15:00:00 UTC,+46120.5,+55-2.6601e-15d,+55,+1143,+6.67387,+0.12633
2012-04-21 15:30:00 UTC,+46148,+80-3.49861e-15d,+80,+1143,+6.67734,+0.129423
2012-04-21 16:00:00 UTC,+46188,+72+8.83487e-16d,+72,+1143,+6.68252,+0.129423
2012-04-21 16:30:00 UTC,+46224,+69-1.01409e-15d,+69,+1143,+6.68718,+0.125098
2012-04-21 17:00:00 UTC,+46258.5,+184-1.52113e-15d,+184,+1143,+6.6915,+0.125098
2012-04-21 17:30:00 UTC,+46350.5,+527+2.8969e-16d,+527,+1143,+6.703,+0.0919693
2012-04-21 18:00:00 UTC,+46614,+1371-6.38431e-15d,+1371,+1371,+6.72724,+0.0919693
2012-04-21 18:30:00 UTC,+47299.5,+741+5.49408e-15d,+741,+1371,+6.79028,+0.0943123
2012-04-21 19:00:00 UTC,+47670,+165-1.07946e-15d,+165,+1371,+6.82523,+0.0943123
2012-04-21 19:30:00 UTC,+47752.5,+211-2.77356e-15d,+211,+1371,+6.83301,+0.097713
2012-04-21 20:00:00 UTC,+47858,+144+4.06404e-15d,+144,+1371,+6.84332,+0.097713
2012-04-21 20:30:00 UTC,+47930,+120+8.48148e-16d,+120,+1371,+6.85035,+0.111233
2012-04-21 21:00:00 UTC,+47990,+197+5.16638e-15d,+197,+1371,+6.85703,+0.111233
2012-04-21 21:30:00 UTC,+48088.5,+142-4.92762e-15d,+142,+1371,+6.86798,+0.0919771
2012-04-21 22:00:00 UTC,+48159.5,+148+8.59609e-16d,+148,+1371,+6.87451,+0.0919771
2012-04-21 22:30:00 UTC,+48233.5,+133-2.77402e-15d,+133,+1371,+6.88132,+0.181737
2012-04-21 23:00:00 UTC,+48300,+47-5.14302e-15d,+47,+1371,+6.8934,+0.181737
2012-04-21 23:30:00 UTC,+48323.5,+72+1.06018e-15d,+72,+1371,+6.89767,+0.0790014
2012-04-22 00:00:00 UTC,+48359.5,+56+4.43006e-15d,+56,+1371,+6.90052,+0.0790014
2012-04-22 00:30:00 UTC,+48387.5,+75+4.74963e-15d,+75,+1371,+6.90273,+0.0985752
2012-04-22 01:00:00 UTC,+48425,+50+3.05333e-15d,+50,+1371,+6.90643,+0.0985752
2012-04-22 01:30:00 UTC,+48450,+52+3.30288e-15d,+52,+1371,+6.90889,+0.0987579
2012-04-22 02:00:00 UTC,+48476,+66+0d,+66,+1371,+6.91146,+0.0987579
2012-04-22 02:30:00 UTC,+48509,+57-1.33918e-15d,+57,+1371,+6.91472,+0.0746442
2012-04-22 03:00:00 UTC,+48537.5,+75+6.27629e-15d,+75,+1371,+6.91685,+0.0746442
2012-04-22 03:30:00 UTC,+48575,+45+6.07839e-15d,+45,+1371,+6.91964,+0.0599032
2012-04-22 04:00:00 UTC,+48597.5,+54-8.24588e-16d,+54,+1371,+6.92099,+0.0599032
2012-04-22 04:30:00 UTC,+48624.5,+70-4.63452e-15d,+70,+1371,+6.92261,+0.0587587
2012-04-22 05:00:00 UTC,+48659.5,+54-4.12294e-15d,+54,+1371,+6.92467,+0.0587587
2012-04-22 05:30:00 UTC,+48686.5,+71-5.10681e-15d,+71,+1371,+6.92625,+0.0580977
2012-04-22 06:00:00 UTC,+48722,+75+4.24074e-16d,+75,+1371,+6.92832,+0.0580977
2012-04-22 06:30:00 UTC,+48759.5,+98+2.33673e-15d,+98,+1371,+6.93049,+0.0583813
2012-04-22 07:00:00 UTC,+48808.5,+232-1.20642e-15d,+232,+1371,+6.93335,+0.0583813
2012-04-22 07:30:00 UTC,+48924.5,+223+5.70503e-16d,+223,+1371,+6.94013,+0.056628
2012-04-22 08:00:00 UTC,+49036,+128-1.68967e-15d,+128,+1371,+6.94644,+0.056628
2012-04-22 08:30:00 UTC,+49100,+128-4.47266e-15d,+128,+1371,+6.95007,+0.0714686
2012-04-22 09:00:00 UTC,+49164,+321-3.48771e-15d,+321,+1371,+6.95464,+0.0714686
2012-04-22 09:30:00 UTC,+49324.5,+93-8.20788e-16d,+93,+1371,+6.96611,+0.0852035
2012-04-22 10:00:00 UTC,+49371,+93+4.65113e-15d,+93,+1371,+6.97007,+0.0852035
2012-04-22 10:30:00 UTC,+49417.5,+134+4.7471e-15d,+134,+1371,+6.97403,+0.0753119
2012-04-22 11:00:00 UTC,+49484.5,+48-5.69849e-15d,+48,+1371,+6.97908,+0.0753119
2012-04-22 11:30:00 UTC,+49508.5,+90+3.67531e-15d,+90,+1371,+6.98089,+0.0891105
2012-04-22 12:00:00 UTC,+49553.5,+241-1.16136e-15d,+241,+1371,+6.9849,+0.0891105
2012-04-22 12:30:00 UTC,+49674,+125+2.23911e-15d,+125,+1371,+6.99564,+0.0954166
2012-04-22 13:00:00 UTC,+49736.5,+136+5.89338e-15d,+136,+1371,+7.0016,+0.0954166
2012-04-22 13:30:00 UTC,+49804.5,+106+2.16038e-15d,+106,+1371,+7.00809,+0.121349
2012-04-22 14:00:00 UTC,+49857.5,+97+1.04926e-15d,+97,+1371,+7.01452,+0.121349
2012-04-22 14:30:00 UTC,+49906,+73-4.18265e-15d,+73,+1371,+7.0204,+0.130169
2012-04-22 15:00:00 UTC,+49942.5,+80+4.77083e-15d,+80,+1371,+7.02516,+0.130169
2012-04-22 15:30:00 UTC,+49982.5,+109+3.50153e-15d,+109,+1371,+7.03036,+0.115889
2012-04-22 16:00:00 UTC,+50037,+71-3.40454e-15d,+71,+1371,+7.03668,+0.115889
2012-04-22 16:30:00 UTC,+50072.5,+69-2.48913e-15d,+69,+1371,+7.04079,+0.112568
2012-04-22 17:00:00 UTC,+50107,+63-4.94753e-15d,+63,+1371,+7.04468,+0.112568
2012-04-22 17:30:00 UTC,+50138.5,+54+2.35597e-16d,+54,+1371,+7.04822,+0.11422
2012-04-22 18:00:00 UTC,+50165.5,+75+5.1737e-15d,+75,+1371,+7.05131,+0.11422
2012-04-22 18:30:00 UTC,+50203,+80+3.57812e-15d,+80,+1371,+7.05559,+0.167246
2012-04-22 19:00:00 UTC,+50243,+76+2.67836e-15d,+76,+1371,+7.06228,+0.167246
2012-04-22 19:30:00 UTC,+50281,+205+2.6065e-15d,+205,+1371,+7.06863,+0.101125
2012-04-22 20:00:00 UTC,+50383.5,+124-2.66756e-15d,+124,+1371,+7.079,+0.101125
2012-04-22 20:30:00 UTC,+50445.5,+166-2.2992e-15d,+166,+1371,+7.08527,+0.123483
2012-04-22 21:00:00 UTC,+50528.5,+163-3.12202e-15d,+163,+1371,+7.09552,+0.123483
2012-04-22 21:30:00 UTC,+50610,+159-5.20091e-15d,+159,+1371,+7.10558,+0.11917
2012-04-22 22:00:00 UTC,+50689.5,+130-1.95726e-15d,+130,+1371,+7.11506,+0.11917
2012-04-22 22:30:00 UTC,+50754.5,+68-5.33211e-15d,+68,+1371,+7.1228,+0.0879076
2012-04-22 23:00:00 UTC,+50788.5,+70-2.63532e-15d,+70,+1371,+7.12579,+0.0879076
2012-04-22 23:30:00 UTC,+50823.5,+56-4.88442e-15d,+56,+1371,+7.12887,+0.0692196
2012-04-23 00:00:00 UTC,+50851.5,+73-6.09969e-16d,+73,+1371,+7.13081,+0.0692196
2012-04-23 00:30:00 UTC,+50888,+49-1.428e-15d,+49,+1371,+7.13333,+0.0565406
2012-04-23 01:00:00 UTC,+50912.5,+47-1.35343e-16d,+47,+1371,+7.13472,+0.0565406
2012-04-23 01:30:00 UTC,+50936,+73-1.91705e-15d,+73,+1371,+7.13605,+0.0600688
2012-04-23 02:00:00 UTC,+50972.5,+57-3.34795e-16d,+57,+1371,+7.13824,+0.0600688
2012-04-23 02:30:00 UTC,+51001,+61+4.58834e-15d,+61,+1371,+7.13995,+0.0590871
2012-04-23 03:00:00 UTC,+51031.5,+65-1.56581e-15d,+65,+1371,+7.14175,+0.0590871
2012-04-23 03:30:00 UTC,+51064,+54-4.59413e-15d,+54,+1371,+7.14367,+0.0688158
2012-04-23 04:00:00 UTC,+51091,+59-3.12665e-15d,+59,+1371,+7.14553,+0.0688158
2012-04-23 04:30:00 UTC,+51120.5,+57+1.11598e-15d,+57,+1371,+7.14756,+0.0607848
2012-04-23 05:00:00 UTC,+51149,+56-5.67956e-15d,+56,+1371,+7.14929,+0.0607848
2012-04-23 05:30:00 UTC,+51177,+72+2.20872e-15d,+72,+1371,+7.151,+0.0698531
2012-04-23 06:00:00 UTC,+51213,+85-4.34052e-15d,+85,+1371,+7.15351,+0.0698531
2012-04-23 06:30:00 UTC,+51255.5,+222-3.55305e-15d,+222,+1371,+7.15648,+0.0619259
2012-04-23 07:00:00 UTC,+51366.5,+236+1.50942e-15d,+236,+1371,+7.16335,+0.0619259
2012-04-23 07:30:00 UTC,+51484.5,+123+2.27552e-15d,+123,+1371,+7.17066,+0.063808
2012-04-23 08:00:00 UTC,+51546,+132+3.4697e-15d,+132,+1371,+7.17458,+0.063808
2012-04-23 08:30:00 UTC,+51612,+94-2.30083e-15d,+94,+1371,+7.1788,+0.0847288
2012-04-23 09:00:00 UTC,+51659,+101+3.90484e-15d,+101,+1371,+7.18278,+0.0847288
2012-04-23 09:30:00 UTC,+51709.5,+184+3.73369e-15d,+184,+1371,+7.18706,+0.125246
2012-04-23 10:00:00 UTC,+51801.5,+81-3.76955e-15d,+81,+1371,+7.19858,+0.125246
2012-04-23 10:30:00 UTC,+51842,+124+3.89874e-15d,+124,+1371,+7.20365,+0.162645
2012-04-23 11:00:00 UTC,+51904,+583+5.93558e-15d,+583,+1371,+7.21374,+0.162645
2012-04-23 11:30:00 UTC,+52195.5,+267-5.90845e-15d,+267,+1371,+7.26115,+0.198457
2012-04-23 12:00:00 UTC,+52329,+150-5.08889e-16d,+150,+1371,+7.28764,+0.198457
2012-04-23 12:30:00 UTC,+52404,+85-1.6464e-15d,+85,+1371,+7.30252,+0.111421
2012-04-23 13:00:00 UTC,+52446.5,+173-4.41233e-15d,+173,+1371,+7.30726,+0.111421
2012-04-23 13:30:00 UTC,+52533,+130-5.38248e-15d,+130,+1371,+7.3169,+0.138217
2012-04-23 14:00:00 UTC,+52598,+159+8.80153e-16d,+159,+1371,+7.32588,+0.138217
2012-04-23 14:30:00 UTC,+52677.5,+74-4.12612e-15d,+74,+1371,+7.33687,+0.11492
2012-04-23 15:00:00 UTC,+52714.5,+64-8.94531e-16d,+64,+1371,+7.34112,+0.11492
2012-04-23 15:30:00 UTC,+52746.5,+108+4.00514e-15d,+108,+1371,+7.3448,+0.121309
2012-04-23 16:00:00 UTC,+52800.5,+212-6.12107e-15d,+212,+1371,+7.35135,+0.121309
2012-04-23 16:30:00 UTC,+52906.5,+239-8.51697e-16d,+239,+1371,+7.36421,+0.0885754
2012-04-23 17:00:00 UTC,+53026,+838-4.85813e-15d,+838,+1371,+7.37479,+0.0885754
2012-04-23 17:30:00 UTC,+53445,+224+3.8621e-15d,+224,+1371,+7.41191,+0.101035
2012-04-23 18:00:00 UTC,+53557,+283+1.34865e-15d,+283,+1371,+7.42322,+0.101035
2012-04-23 18:30:00 UTC,+53698.5,+155-4.02186e-15d,+155,+1371,+7.43752,+0.101004
2012-04-23 19:00:00 UTC,+53776,+82+3.72358e-15d,+82,+1371,+7.44535,+0.101004
2012-04-23 19:30:00 UTC,+53817,+77+3.63492e-15d,+77,+1371,+7.44949,+0.0927353
2012-04-23 20:00:00 UTC,+53855.5,+213-5.85342e-15d,+213,+1371,+7.45306,+0.0927353
2012-04-23 20:30:00 UTC,+53962,+120-3.71065e-15d,+120,+1371,+7.46294,+0.0943016
2012-04-23 21:00:00 UTC,+54022,+143-2.22416e-15d,+143,+1371,+7.46859,+0.0943016
2012-04-23 21:30:00 UTC,+54093.5,+161-5.29434e-15d,+161,+1371,+7.47534,+0.133154
2012-04-23 22:00:00 UTC,+54174,+75+6.10666e-15d,+75,+1371,+7.48605,+0.133154
2012-04-23 22:30:00 UTC,+54211.5,+50+1.39944e-15d,+50,+1371,+7.49105,+0.0733379
2012-04-23 23:00:00 UTC,+54236.5,+48-5.83102e-15d,+48,+1371,+7.49288,+0.0733379
2012-04-23 23:30:00 UTC,+54260.5,+73-1.1328e-15d,+73,+1371,+7.49464,+0.0912377
2012-04-24 00:00:00 UTC,+54297,+56+1.70387e-15d,+56,+1371,+7.49797,+0.0912377
2012-04-24 00:30:00 UTC,+54325,+70+8.17857e-16d,+70,+1371,+7.50053,+0.0661695
2012-04-24 01:00:00 UTC,+54360,+55-3.4697e-15d,+55,+1371,+7.50284,+0.0661695
2012-04-24 01:30:00 UTC,+54387.5,+45-6.36111e-15d,+45,+1371,+7.50466,+0.062193
2012-04-24 02:00:00 UTC,+54410,+76+2.25987e-15d,+76,+1371,+7.50606,+0.062193
2012-04-24 02:30:00 UTC,+54448,+54-6.12551e-15d,+54,+1371,+7.50842,+0.0606697
2012-04-24 03:00:00 UTC,+54475,+57+2.00877e-15d,+57,+1371,+7.51006,+0.0606697
2012-04-24 03:30:00 UTC,+54503.5,+69-5.5314e-16d,+69,+1371,+7.51179,+0.059516
2012-04-24 04:00:00 UTC,+54538,+45-3.95802e-15d,+45,+1371,+7.51385,+0.059516
2012-04-24 04:30:00 UTC,+54560.5,+68-6.5482e-16d,+68,+1371,+7.51518,+0.0560389
2012-04-24 05:00:00 UTC,+54594.5,+65-1.95726e-15d,+65,+1371,+7.51709,+0.0560389
2012-04-24 05:30:00 UTC,+54627,+164+1.55149e-16d,+164,+1371,+7.51891,+0.0586884
2012-04-24 06:00:00 UTC,+54709,+92+5.94625e-15d,+92,+1371,+7.52372,+0.0586884
2012-04-24 06:30:00 UTC,+54755,+94+3.11288e-15d,+94,+1371,+7.52642,+0.0711763
2012-04-24 07:00:00 UTC,+54802,+216-3.53395e-15d,+216,+1371,+7.52977,+0.0711763
2012-04-24 07:30:00 UTC,+54910,+144+4.68248e-15d,+144,+1371,+7.53746,+0.0641269
2012-04-24 08:00:00 UTC,+54982,+134+4.46227e-15d,+134,+1371,+7.54207,+0.0641269
2012-04-24 08:30:00 UTC,+55049,+143+8.00699e-16d,+143,+1371,+7.54637,+0.0820956
2012-04-24 09:00:00 UTC,+55120.5,+115-4.53575e-15d,+115,+1371,+7.55224,+0.0820956
2012-04-24 09:30:00 UTC,+55178,+136+3.64828e-15d,+136,+1371,+7.55696,+0.082294
2012-04-24 10:00:00 UTC,+55246,+173-3.67694e-15d,+173,+1371,+7.56256,+0.082294
2012-04-24 10:30:00 UTC,+55332.5,+111-2.97998e-15d,+111,+1371,+7.56967,+0.0856182
2012-04-24 11:00:00 UTC,+55388,+108-3.53395e-16d,+108,+1371,+7.57443,+0.0856182
2012-04-24 11:30:00 UTC,+55442,+83+4.59839e-15d,+83,+1371,+7.57905,+0.104477
2012-04-24 12:00:00 UTC,+55483.5,+76+5.94262e-15d,+76,+1371,+7.58338,+0.104477
2012-04-24 12:30:00 UTC,+55521.5,+84+3.33201e-15d,+84,+1371,+7.58735,+0.104187
2012-04-24 13:00:00 UTC,+55563.5,+69-2.95008e-15d,+69,+1371,+7.59173,+0.104187
2012-04-24 13:30:00 UTC,+55598,+77+5.03932e-15d,+77,+1371,+7.59533,+0.0962805
2012-04-24 14:00:00 UTC,+55636.5,+87+2.77842e-15d,+87,+1371,+7.59903,+0.0962805
2012-04-24 14:30:00 UTC,+55680,+146-4.35692e-15d,+146,+1371,+7.60322,+0.166852
2012-04-24 15:00:00 UTC,+55753,+70+4.45278e-15d,+70,+1371,+7.6154,+0.166852
2012-04-24 15:30:00 UTC,+55788,+51+2.49455e-16d,+51,+1371,+7.62124,+0.160088
2012-04-24 16:00:00 UTC,+55813.5,+70-1.45397e-15d,+70,+1371,+7.62532,+0.160088
2012-04-24 16:30:00 UTC,+55848.5,+95-2.67836e-15d,+95,+1371,+7.63093,+0.119148
2012-04-24 17:00:00 UTC,+55896,+166-5.51807e-15d,+166,+1371,+7.63659,+0.119148
2012-04-24 17:30:00 UTC,+55979,+116+4.05795e-15d,+116,+1371,+7.64647,+0.111853
2012-04-24 18:00:00 UTC,+56037,+109-8.17023e-16d,+109,+1371,+7.65296,+0.111853
2012-04-24 18:30:00 UTC,+56091.5,+278+9.15268e-16d,+278,+1371,+7.65906,+0.0866668
2012-04-24 19:00:00 UTC,+56230.5,+131+2.91349e-16d,+131,+1371,+7.6711,+0.0866668
2012-04-24 19:30:00 UTC,+56296,+163-2.02931e-15d,+163,+1371,+7.67678,+0.0765767
2012-04-24 20:00:00 UTC,+56377.5,+266+2.67836e-15d,+266,+1371,+7.68302,+0.0765767
2012-04-24 20:30:00 UTC,+56510.5,+218-3.26809e-15d,+218,+1371,+7.69321,+0.10038
2012-04-24 21:00:00 UTC,+56619.5,+203+5.13902e-15d,+203,+1371,+7.70415,+0.10038
2012-04-24 21:30:00 UTC,+56721,+202-5.41639e-15d,+202,+1371,+7.71434,+0.0976646
2012-04-24 22:00:00 UTC,+56822,+143+9.78632e-16d,+143,+1371,+7.7242,+0.0976646
2012-04-24 22:30:00 UTC,+56893.5,+68-2.15155e-15d,+68,+1371,+7.73118,+0.182907
2012-04-24 23:00:00 UTC,+56927.5,+47-3.65425e-15d,+47,+1371,+7.7374,+0.182907
2012-04-24 23:30:00 UTC,+56951,+68+3.46119e-15d,+68,+1371,+7.7417,+0.0836393
2012-04-25 00:00:00 UTC,+56985,+53-2.2804e-15d,+53,+1371,+7.74454,+0.0836393
2012-04-25 00:30:00 UTC,+57011.5,+57+5.57992e-16d,+57,+1371,+7.74676,+0.0690922
2012-04-25 01:00:00 UTC,+57040,+72+2.29707e-15d,+72,+1371,+7.74873,+0.0690922
2012-04-25 01:30:00 UTC,+57076,+50+4.96167e-15d,+50,+1371,+7.75122,+0.0762917
2012-04-25 02:00:00 UTC,+57101,+64-5.1684e-15d,+64,+1371,+7.75312,+0.0762917
2012-04-25 02:30:00 UTC,+57133,+58-6.14176e-15d,+58,+1371,+7.75557,+0.0658955
2012-04-25 03:00:00 UTC,+57162,+59+3.23446e-16d,+59,+1371,+7.75748,+0.0658955
2012-04-25 03:30:00 UTC,+57191.5,+75-1.61148e-15d,+75,+1371,+7.75942,+0.064268
2012-04-25 04:00:00 UTC,+57229,+43-2.66279e-15d,+43,+1371,+7.76183,+0.064268
2012-04-25 04:30:00 UTC,+57250.5,+51-6.23638e-15d,+51,+1371,+7.76321,+0.0611384
2012-04-25 05:00:00 UTC,+57276,+75+3.56222e-15d,+75,+1371,+7.76477,+0.0611384
2012-04-25 05:30:00 UTC,+57313.5,+54-5.30092e-15d,+54,+1371,+7.76706,+0.0701657
2012-04-25 06:00:00 UTC,+57340.5,+200+2.79889e-15d,+200,+1371,+7.76896,+0.0701657
2012-04-25 06:30:00 UTC,+57440.5,+91+2.79609e-15d,+91,+1371,+7.77598,+0.0989996
2012-04-25 07:00:00 UTC,+57486,+88-3.18055e-15d,+88,+1371,+7.78048,+0.0989996
2012-04-25 07:30:00 UTC,+57530,+111+6.18919e-15d,+111,+1371,+7.78484,+0.0821843
2012-04-25 08:00:00 UTC,+57585.5,+244-1.56421e-15d,+244,+1371,+7.7894,+0.0821843
2012-04-25 08:30:00 UTC,+57707.5,+130-1.76154e-15d,+130,+1371,+7.79942,+0.0815294
2012-04-25 09:00:00 UTC,+57772.5,+145-5.70306e-15d,+145,+1371,+7.80472,+0.0815294
2012-04-25 09:30:00 UTC,+57845,+665+2.29574e-15d,+665,+1371,+7.81063,+0.0827701
2012-04-25 10:00:00 UTC,+58177.5,+421-4.95592e-15d,+421,+1371,+7.83816,+0.0827701
2012-04-25 10:30:00 UTC,+58388,+141+2.34594e-15d,+141,+1371,+7.85558,+0.097479
2012-04-25 11:00:00 UTC,+58458.5,+84+2.87764e-15d,+84,+1371,+7.86245,+0.097479
2012-04-25 11:30:00 UTC,+58500.5,+75-3.47741e-15d,+75,+1371,+7.86654,+0.10043
2012-04-25 12:00:00 UTC,+58538,+62+7.1819e-16d,+62,+1371,+7.87031,+0.10043
2012-04-25 12:30:00 UTC,+58569,+174-2.33972e-15d,+174,+1371,+7.87342,+0.112249
2012-04-25 13:00:00 UTC,+58656,+125+3.05333e-16d,+125,+1371,+7.88319,+0.112249
2012-04-25 13:30:00 UTC,+58718.5,+673+6.0492e-16d,+673,+1371,+7.89021,+0.121418
2012-04-25 14:00:00 UTC,+59055,+502-4.05489e-15d,+502,+1371,+7.93106,+0.121418
